symbol,date,release_time
SFIX,2019-10-01,post
MKC,2019-10-01,pre
UNFI,2019-10-01,post
SSNLF,2019-10-01,NULL
LGRVF,2019-10-01,NULL
NG,2019-10-01,post
LNDC,2019-10-01,post
AMRQQ,2019-10-01,NULL
LEN,2019-10-02,pre
BBBY,2019-10-02,post
LW,2019-10-02,pre
PAYX,2019-10-02,pre
RECN,2019-10-02,NULL
AYI,2019-10-02,pre
RPM,2019-10-02,pre
STZ,2019-10-03,pre
COST,2019-10-03,post
SGH,2019-10-03,post
PEP,2019-10-03,pre
HNNMY,2019-10-03,NULL
ANGO,2019-10-03,pre
BSET,2019-10-03,NULL
DPZ,2019-10-08,pre
HELE,2019-10-08,pre
LEVI,2019-10-08,post
SAR,2019-10-09,post
TMQ,2019-10-09,NULL
EXFO,2019-10-09,post
DAL,2019-10-10,pre
FAST,2019-10-11,pre
INFY,2019-10-11,pre
SMMT,2019-10-11,NULL
JNJ,2019-10-15,pre
JPM,2019-10-15,pre
UNH,2019-10-15,pre
C,2019-10-15,pre
GS,2019-10-15,pre
WFC,2019-10-15,pre
UAL,2019-10-15,post
APHA,2019-10-15,pre
BLK,2019-10-15,pre
SCHW,2019-10-15,pre
FGP,2019-10-15,NULL
JBHT,2019-10-15,post
PLD,2019-10-15,pre
OMC,2019-10-15,pre
AMX,2019-10-15,NULL
FRC,2019-10-15,pre
WIT,2019-10-15,pre
TW,2019-10-15,pre
PNFP,2019-10-15,post
HWC,2019-10-15,post
WAFD,2019-10-15,NULL
SNBR,2019-10-15,post
NCBS,2019-10-15,NULL
MBWM,2019-10-15,pre
PTSI,2019-10-15,NULL
HLAN,2019-10-15,NULL
QBIO,2019-10-15,NULL
NFLX,2019-10-16,post
BAC,2019-10-16,pre
IBM,2019-10-16,post
KMI,2019-10-16,post
ABT,2019-10-16,pre
URI,2019-10-16,post
PGR,2019-10-16,pre
CSX,2019-10-16,post
AA,2019-10-16,post
USB,2019-10-16,pre
CCI,2019-10-16,post
PNC,2019-10-16,pre
BK,2019-10-16,pre
CMA,2019-10-16,pre
STLD,2019-10-16,post
ALLY,2019-10-16,pre
ASML,2019-10-16,pre
PACW,2019-10-16,NULL
LLNW,2019-10-16,post
CCK,2019-10-16,post
CBSH,2019-10-16,pre
SLG,2019-10-16,post
FHN,2019-10-16,pre
RLI,2019-10-16,post
WTFC,2019-10-16,post
UMPQ,2019-10-16,post
CNS,2019-10-16,post
TCBI,2019-10-16,post
CATY,2019-10-16,post
EGBN,2019-10-16,post
GSBC,2019-10-16,post
TBK,2019-10-16,post
PFBC,2019-10-16,pre
CTBI,2019-10-16,NULL
TSC,2019-10-16,post
HCCI,2019-10-16,post
CTO,2019-10-16,post
CVCY,2019-10-16,NULL
MNSB,2019-10-16,NULL
FCCO,2019-10-16,NULL
BMRA,2019-10-16,NULL
ISRG,2019-10-17,post
ERIC,2019-10-17,pre
PM,2019-10-17,pre
MS,2019-10-17,pre
HON,2019-10-17,pre
TEAM,2019-10-17,post
UNP,2019-10-17,pre
ETFC,2019-10-17,post
KEY,2019-10-17,pre
TXT,2019-10-17,pre
BBT,2019-10-17,pre
STI,2019-10-17,pre
PPG,2019-10-17,pre
GPC,2019-10-17,pre
OZK,2019-10-17,post
DOV,2019-10-17,pre
PBCT,2019-10-17,post
WAL,2019-10-17,post
MTB,2019-10-17,pre
WDFC,2019-10-17,post
SNA,2019-10-17,pre
FNB,2019-10-17,pre
BMI,2019-10-17,pre
POOL,2019-10-17,pre
WSO,2019-10-17,pre
SBNY,2019-10-17,pre
EWBC,2019-10-17,pre
SON,2019-10-17,pre
FFIN,2019-10-17,NULL
GBCI,2019-10-17,post
EXPO,2019-10-17,post
HOMB,2019-10-17,pre
AUB,2019-10-17,pre
WNS,2019-10-17,pre
INDB,2019-10-17,post
BDN,2019-10-17,post
OMAB,2019-10-17,NULL
FFBC,2019-10-17,post
GTLS,2019-10-17,pre
BANF,2019-10-17,NULL
VICR,2019-10-17,post
SRCE,2019-10-17,NULL
SASR,2019-10-17,pre
MRTN,2019-10-17,post
BMTC,2019-10-17,post
CCNE,2019-10-17,NULL
AMNB,2019-10-17,NULL
UNTY,2019-10-17,NULL
FVCB,2019-10-17,NULL
ICBK,2019-10-17,pre
GFED,2019-10-17,NULL
AMRB,2019-10-17,post
NURO,2019-10-17,pre
KO,2019-10-18,pre
SLB,2019-10-18,pre
AXP,2019-10-18,pre
SYF,2019-10-18,pre
CFG,2019-10-18,pre
STT,2019-10-18,pre
KSU,2019-10-18,pre
GNTX,2019-10-18,pre
VLVLY,2019-10-18,pre
NVR,2019-10-18,NULL
MAN,2019-10-18,pre
IBKC,2019-10-18,pre
ABCB,2019-10-18,pre
SXT,2019-10-18,pre
BLX,2019-10-18,pre
HONE,2019-10-18,NULL
BCBP,2019-10-18,NULL
CHMG,2019-10-18,NULL
BOCH,2019-10-18,NULL
FCCY,2019-10-18,NULL
MBCN,2019-10-18,NULL
ACU,2019-10-18,pre
HDB,2019-10-19,NULL
HAL,2019-10-21,pre
LOGI,2019-10-21,post
AMTD,2019-10-21,post
CE,2019-10-21,post
CDNS,2019-10-21,post
ZION,2019-10-21,post
SAP,2019-10-21,pre
HLX,2019-10-21,post
HXL,2019-10-21,post
ATLKY,2019-10-21,NULL
ELS,2019-10-21,post
LII,2019-10-21,pre
ACC,2019-10-21,post
SARTF,2019-10-21,NULL
CBU,2019-10-21,pre
BXS,2019-10-21,post
ADC,2019-10-21,post
ONB,2019-10-21,pre
IBTX,2019-10-21,post
WSFS,2019-10-21,post
RNST,2019-10-21,post
SFBS,2019-10-21,post
HOPE,2019-10-21,post
NWBI,2019-10-21,NULL
VBTX,2019-10-21,post
FBK,2019-10-21,post
EFSC,2019-10-21,post
OFG,2019-10-21,pre
WASH,2019-10-21,post
HSTM,2019-10-21,post
HMST,2019-10-21,post
CFB,2019-10-21,post
FDEF,2019-10-21,post
BMRC,2019-10-21,pre
FBMS,2019-10-21,NULL
EQBK,2019-10-21,post
BSRR,2019-10-21,NULL
RBB,2019-10-21,post
GNTY,2019-10-21,NULL
MFSF,2019-10-21,NULL
SMBK,2019-10-21,post
TACO,2019-10-21,post
FMAO,2019-10-21,NULL
LCNB,2019-10-21,NULL
BFIN,2019-10-21,NULL
LMT,2019-10-22,pre
PG,2019-10-22,pre
SNAP,2019-10-22,post
MCD,2019-10-22,pre
TXN,2019-10-22,post
UTX,2019-10-22,pre
UPS,2019-10-22,pre
CNC,2019-10-22,pre
NEE,2019-10-22,pre
BIIB,2019-10-22,pre
NVS,2019-10-22,pre
NUE,2019-10-22,pre
KMB,2019-10-22,pre
IRBT,2019-10-22,post
ARCH,2019-10-22,pre
RF,2019-10-22,pre
PCAR,2019-10-22,pre
SKX,2019-10-22,post
CMG,2019-10-22,post
SHW,2019-10-22,pre
DFS,2019-10-22,post
TRV,2019-10-22,pre
JBLU,2019-10-22,pre
FITB,2019-10-22,pre
ABG,2019-10-22,pre
HA,2019-10-22,post
BYD,2019-10-22,post
HOG,2019-10-22,pre
NEP,2019-10-22,pre
MTG,2019-10-22,pre
WHR,2019-10-22,post
TER,2019-10-22,post
PHM,2019-10-22,pre
EEFT,2019-10-22,pre
CNI,2019-10-22,post
SIX,2019-10-22,post
HAS,2019-10-22,pre
LRN,2019-10-22,post
DGX,2019-10-22,pre
IPG,2019-10-22,pre
EDU,2019-10-22,pre
PII,2019-10-22,pre
MPWR,2019-10-22,post
SNV,2019-10-22,pre
EQR,2019-10-22,post
CVTI,2019-10-22,post
NAVI,2019-10-22,post
CSL,2019-10-22,post
FULT,2019-10-22,post
VCYT,2019-10-22,post
CSGP,2019-10-22,post
TRU,2019-10-22,pre
WRB,2019-10-22,post
SERV,2019-10-22,NULL
PSB,2019-10-22,post
HIW,2019-10-22,post
MANH,2019-10-22,post
GPK,2019-10-22,pre
CIT,2019-10-22,pre
WBS,2019-10-22,pre
CSFL,2019-10-22,post
GATX,2019-10-22,pre
MTH,2019-10-22,post
POL,2019-10-22,pre
SFNC,2019-10-22,pre
UCBI,2019-10-22,post
FMBI,2019-10-22,post
FBP,2019-10-22,pre
TRMK,2019-10-22,post
PPBI,2019-10-22,pre
FBC,2019-10-22,pre
HCSG,2019-10-22,post
NTB,2019-10-22,post
MLI,2019-10-22,NULL
USNA,2019-10-22,post
BUSE,2019-10-22,post
CHCO,2019-10-22,NULL
NBHC,2019-10-22,post
FFWM,2019-10-22,pre
PEBO,2019-10-22,pre
HAFC,2019-10-22,post
UCFC,2019-10-22,post
CALX,2019-10-22,post
STXB,2019-10-22,post
WNEB,2019-10-22,NULL
RBNC,2019-10-22,post
TRNS,2019-10-22,post
TRCB,2019-10-22,NULL
TLC,2019-10-22,NULL
EBMT,2019-10-22,NULL
TTS,2019-10-22,pre
CTG,2019-10-22,pre
MSFT,2019-10-23,post
BA,2019-10-23,pre
TSLA,2019-10-23,post
F,2019-10-23,post
PYPL,2019-10-23,post
CAT,2019-10-23,pre
LRCX,2019-10-23,post
BX,2019-10-23,pre
ALGN,2019-10-23,post
LLY,2019-10-23,pre
XLNX,2019-10-23,post
CLF,2019-10-23,pre
WM,2019-10-23,pre
ALXN,2019-10-23,pre
NOW,2019-10-23,post
SAVE,2019-10-23,post
ANTM,2019-10-23,pre
FCX,2019-10-23,pre
TMO,2019-10-23,pre
GD,2019-10-23,pre
EBAY,2019-10-23,post
BSX,2019-10-23,pre
LVS,2019-10-23,post
ORLY,2019-10-23,post
IVZ,2019-10-23,pre
EW,2019-10-23,post
ROL,2019-10-23,pre
ASGN,2019-10-23,post
RRC,2019-10-23,post
TRN,2019-10-23,post
NSC,2019-10-23,pre
BXMT,2019-10-23,post
GWW,2019-10-23,pre
MKSI,2019-10-23,post
WGO,2019-10-23,pre
MPX,2019-10-23,pre
CP,2019-10-23,post
GGG,2019-10-23,post
ARI,2019-10-23,post
RUSHA,2019-10-23,post
AEM,2019-10-23,post
BPOP,2019-10-23,pre
BMRN,2019-10-23,post
TDY,2019-10-23,pre
CMC,2019-10-23,pre
PKG,2019-10-23,post
APH,2019-10-23,pre
WPG,2019-10-23,post
AMP,2019-10-23,post
MMLP,2019-10-23,post
QEP,2019-10-23,post
FFIV,2019-10-23,post
RCKY,2019-10-23,post
NDAQ,2019-10-23,pre
NGVT,2019-10-23,post
HRI,2019-10-23,pre
ECHO,2019-10-23,post
LAD,2019-10-23,pre
KNX,2019-10-23,pre
RJF,2019-10-23,post
OC,2019-10-23,pre
PTC,2019-10-23,post
AVY,2019-10-23,pre
PNR,2019-10-23,pre
ATNI,2019-10-23,post
HLT,2019-10-23,pre
RCI,2019-10-23,pre
ALKS,2019-10-23,pre
DHT,2019-10-23,post
NTRS,2019-10-23,pre
ESS,2019-10-23,post
AKZOY,2019-10-23,NULL
EFX,2019-10-23,post
SUI,2019-10-23,post
NVZMY,2019-10-23,NULL
MKTX,2019-10-23,pre
VAR,2019-10-23,post
GL,2019-10-23,post
FTI,2019-10-23,post
SEIC,2019-10-23,post
KRC,2019-10-23,post
FBHS,2019-10-23,post
ICLR,2019-10-23,post
RHI,2019-10-23,post
CUZ,2019-10-23,post
BOKF,2019-10-23,pre
FR,2019-10-23,post
EGP,2019-10-23,post
ASR,2019-10-23,NULL
SLAB,2019-10-23,pre
PB,2019-10-23,pre
MSA,2019-10-23,post
TIGO,2019-10-23,post
LSTR,2019-10-23,post
BCO,2019-10-23,pre
STL,2019-10-23,post
UNF,2019-10-23,pre
SLM,2019-10-23,post
FCFS,2019-10-23,pre
FSV,2019-10-23,pre
SLGN,2019-10-23,pre
BKU,2019-10-23,pre
ISBC,2019-10-23,post
CLGX,2019-10-23,post
UFPI,2019-10-23,post
VMI,2019-10-23,post
CVBF,2019-10-23,post
FIBK,2019-10-23,post
ESRT,2019-10-23,post
IBA,2019-10-23,NULL
AKR,2019-10-23,post
SCL,2019-10-23,pre
CLB,2019-10-23,post
PLXS,2019-10-23,post
APY,2019-10-23,post
CADE,2019-10-23,pre
WSBC,2019-10-23,post
VNE,2019-10-23,pre
CSTM,2019-10-23,pre
BANR,2019-10-23,post
KALU,2019-10-23,post
HNI,2019-10-23,post
GTY,2019-10-23,post
KNL,2019-10-23,post
EIG,2019-10-23,post
MHO,2019-10-23,pre
FBNC,2019-10-23,NULL
NXGN,2019-10-23,post
RES,2019-10-23,pre
SYBT,2019-10-23,NULL
CMRE,2019-10-23,post
CPF,2019-10-23,pre
HBNC,2019-10-23,NULL
NFBK,2019-10-23,NULL
OBNK,2019-10-23,post
NTGR,2019-10-23,post
KRA,2019-10-23,post
CUBI,2019-10-23,post
LOB,2019-10-23,post
BANC,2019-10-23,pre
LMAT,2019-10-23,post
LBC,2019-10-23,post
QCRH,2019-10-23,post
PUB,2019-10-23,post
OLBK,2019-10-23,NULL
FSB,2019-10-23,post
SALT,2019-10-23,pre
MX,2019-10-23,post
FMNB,2019-10-23,NULL
OSBC,2019-10-23,post
BCOV,2019-10-23,post
MCB,2019-10-23,NULL
BFST,2019-10-23,NULL
HBMD,2019-10-23,pre
ISTR,2019-10-23,NULL
ORRF,2019-10-23,NULL
SGC,2019-10-23,pre
INBK,2019-10-23,post
CZFS,2019-10-23,NULL
DNBF,2019-10-23,NULL
CYBE,2019-10-23,post
USAP,2019-10-23,pre
LMST,2019-10-23,NULL
SMED,2019-10-23,pre
VGZ,2019-10-23,NULL
JMP,2019-10-23,NULL
AMZN,2019-10-24,post
INTC,2019-10-24,post
TWTR,2019-10-24,pre
V,2019-10-24,post
GILD,2019-10-24,post
ILMN,2019-10-24,post
RTN,2019-10-24,pre
VLO,2019-10-24,pre
ONDK,2019-10-24,pre
MMM,2019-10-24,pre
AAL,2019-10-24,pre
NOC,2019-10-24,pre
CY,2019-10-24,post
CMCSA,2019-10-24,pre
NOK,2019-10-24,pre
LUV,2019-10-24,pre
STM,2019-10-24,pre
AEP,2019-10-24,pre
ENVA,2019-10-24,post
COG,2019-10-24,post
AB,2019-10-24,pre
ALK,2019-10-24,post
COF,2019-10-24,post
VALE,2019-10-24,NULL
EQNR,2019-10-24,pre
BGCP,2019-10-24,pre
DECK,2019-10-24,post
FSLR,2019-10-24,post
SWN,2019-10-24,post
TSCO,2019-10-24,pre
KIM,2019-10-24,pre
AZN,2019-10-24,pre
TRTN,2019-10-24,pre
AFL,2019-10-24,post
SWK,2019-10-24,pre
HBAN,2019-10-24,pre
AUY,2019-10-24,post
XEL,2019-10-24,pre
BJRI,2019-10-24,post
CSLT,2019-10-24,post
PFPT,2019-10-24,post
HSY,2019-10-24,pre
GNC,2019-10-24,pre
SIVB,2019-10-24,post
DHR,2019-10-24,pre
PFG,2019-10-24,post
VCRA,2019-10-24,post
JNPR,2019-10-24,post
ORI,2019-10-24,pre
ODFL,2019-10-24,pre
ANIK,2019-10-24,post
SCHN,2019-10-24,pre
EMN,2019-10-24,post
TROW,2019-10-24,pre
OMCL,2019-10-24,post
EHTH,2019-10-24,post
CINF,2019-10-24,post
RMD,2019-10-24,post
MHK,2019-10-24,post
CERN,2019-10-24,post
DDAIF,2019-10-24,NULL
CVA,2019-10-24,post
HEES,2019-10-24,pre
CMS,2019-10-24,pre
FLEX,2019-10-24,post
AIMC,2019-10-24,pre
WERN,2019-10-24,post
ADS,2019-10-24,pre
TAL,2019-10-24,pre
PATK,2019-10-24,pre
MCS,2019-10-24,pre
FIX,2019-10-24,post
TECK,2019-10-24,pre
VRSN,2019-10-24,post
LOGM,2019-10-24,post
CTXS,2019-10-24,pre
LH,2019-10-24,pre
BOOM,2019-10-24,post
ROP,2019-10-24,pre
BASFY,2019-10-24,NULL
SPSC,2019-10-24,post
PRLB,2019-10-24,pre
ASPS,2019-10-24,pre
MTRN,2019-10-24,pre
UHS,2019-10-24,post
RBS,2019-10-24,NULL
FCN,2019-10-24,pre
ENTG,2019-10-24,pre
GLPG,2019-10-24,post
ALGT,2019-10-24,post
MSM,2019-10-24,pre
AJG,2019-10-24,post
FTV,2019-10-24,post
GCAP,2019-10-24,post
DOW,2019-10-24,pre
DASTY,2019-10-24,pre
DNHBY,2019-10-24,NULL
ALLE,2019-10-24,pre
WST,2019-10-24,pre
ERIE,2019-10-24,post
RS,2019-10-24,pre
AXTA,2019-10-24,pre
FAF,2019-10-24,pre
LPLA,2019-10-24,post
CUBE,2019-10-24,post
PAC,2019-10-24,NULL
IART,2019-10-24,pre
BC,2019-10-24,pre
NVST,2019-10-24,pre
CRI,2019-10-24,pre
GRA,2019-10-24,pre
AVT,2019-10-24,post
UBSI,2019-10-24,NULL
VLY,2019-10-24,pre
FHB,2019-10-24,post
TNET,2019-10-24,post
PEB,2019-10-24,post
FII,2019-10-24,post
ASB,2019-10-24,post
HLI,2019-10-24,post
COLB,2019-10-24,pre
POWI,2019-10-24,post
VC,2019-10-24,pre
WRE,2019-10-24,post
CRS,2019-10-24,pre
CXP,2019-10-24,post
MNRO,2019-10-24,pre
PRO,2019-10-24,post
TOWN,2019-10-24,NULL
GWB,2019-10-24,pre
FRME,2019-10-24,pre
KN,2019-10-24,post
FWRD,2019-10-24,post
PTEN,2019-10-24,pre
GPI,2019-10-24,pre
OSIS,2019-10-24,post
DRQ,2019-10-24,NULL
SBCF,2019-10-24,post
SAH,2019-10-24,pre
MXL,2019-10-24,post
SAFE,2019-10-24,pre
STBA,2019-10-24,pre
VVI,2019-10-24,post
OCFC,2019-10-24,post
CASH,2019-10-24,post
NTUS,2019-10-24,post
HFWA,2019-10-24,pre
CLS,2019-10-24,post
OIS,2019-10-24,post
BPFH,2019-10-24,post
UTL,2019-10-24,pre
CNOB,2019-10-24,pre
CARO,2019-10-24,post
LBAI,2019-10-24,NULL
BY,2019-10-24,post
MSBI,2019-10-24,post
BDGE,2019-10-24,post
FORR,2019-10-24,post
CURO,2019-10-24,post
TBBK,2019-10-24,post
FMBH,2019-10-24,post
AGYS,2019-10-24,post
ULH,2019-10-24,post
MOFG,2019-10-24,post
HTBK,2019-10-24,NULL
IBCP,2019-10-24,pre
REVB,2019-10-24,NULL
ACBI,2019-10-24,post
LAWS,2019-10-24,pre
SONA,2019-10-24,NULL
MCBC,2019-10-24,NULL
BWB,2019-10-24,NULL
ALRS,2019-10-24,post
PDS,2019-10-24,pre
SMMF,2019-10-24,NULL
CLW,2019-10-24,post
CSTR,2019-10-24,post
TBNK,2019-10-24,NULL
PCB,2019-10-24,NULL
FSBW,2019-10-24,NULL
FBIZ,2019-10-24,NULL
BPRN,2019-10-24,NULL
SMSI,2019-10-24,post
SB,2019-10-24,post
RVSB,2019-10-24,NULL
OPBK,2019-10-24,NULL
FFNW,2019-10-24,NULL
FET,2019-10-24,post
MRBK,2019-10-24,NULL
RNGR,2019-10-24,post
GNCA,2019-10-24,pre
SCSG,2019-10-24,NULL
VZ,2019-10-25,pre
NRZ,2019-10-25,pre
PSX,2019-10-25,pre
VFC,2019-10-25,pre
HUN,2019-10-25,pre
VTR,2019-10-25,pre
BUD,2019-10-25,pre
BCS,2019-10-25,pre
WY,2019-10-25,pre
ITW,2019-10-25,pre
PSXP,2019-10-25,pre
GBX,2019-10-25,pre
GT,2019-10-25,pre
SJR,2019-10-25,pre
CHTR,2019-10-25,pre
UFS,2019-10-25,pre
YNDX,2019-10-25,pre
BEN,2019-10-25,pre
LEA,2019-10-25,pre
SCCO,2019-10-25,NULL
AON,2019-10-25,pre
ALV,2019-10-25,pre
KEX,2019-10-25,pre
B,2019-10-25,pre
ROCK,2019-10-25,pre
PFS,2019-10-25,pre
GVA,2019-10-25,pre
LKFN,2019-10-25,pre
SBSI,2019-10-25,pre
VLRS,2019-10-25,post
TILE,2019-10-25,pre
WETF,2019-10-25,pre
VRTS,2019-10-25,pre
ABTX,2019-10-25,pre
PGC,2019-10-25,NULL
THFF,2019-10-25,NULL
MNOV,2019-10-25,NULL
CIVB,2019-10-25,pre
MPB,2019-10-25,NULL
SBBX,2019-10-25,NULL
CVEO,2019-10-25,pre
SAL,2019-10-25,NULL
IBN,2019-10-26,NULL
ON,2019-10-27,pre
LPT,2019-10-27,pre
T,2019-10-28,pre
GOOGL,2019-10-28,post
EPD,2019-10-28,pre
GOOG,2019-10-28,post
WBA,2019-10-28,pre
CRSP,2019-10-28,NULL
XPO,2019-10-28,post
GRUB,2019-10-28,pre
SPOT,2019-10-28,pre
AVX,2019-10-28,pre
AKAM,2019-10-28,post
TMUS,2019-10-28,post
WELL,2019-10-28,post
NXPI,2019-10-28,post
RIG,2019-10-28,post
ARLP,2019-10-28,pre
MEDP,2019-10-28,post
AROC,2019-10-28,post
HSII,2019-10-28,post
CGNX,2019-10-28,post
HSBC,2019-10-28,pre
MCY,2019-10-28,pre
HLIT,2019-10-28,post
LEG,2019-10-28,post
TREX,2019-10-28,post
DTE,2019-10-28,pre
CR,2019-10-28,post
NOV,2019-10-28,post
APPF,2019-10-28,post
CTB,2019-10-28,pre
EHC,2019-10-28,post
ARE,2019-10-28,post
CHKP,2019-10-28,pre
BRX,2019-10-28,post
AMKR,2019-10-28,post
QSR,2019-10-28,pre
DO,2019-10-28,pre
TXRH,2019-10-28,post
WIRE,2019-10-28,post
WCN,2019-10-28,post
AMG,2019-10-28,pre
L,2019-10-28,pre
AVB,2019-10-28,post
DORM,2019-10-28,pre
QURE,2019-10-28,NULL
OFIX,2019-10-28,post
CAJ,2019-10-28,pre
SBAC,2019-10-28,post
VNO,2019-10-28,post
CNA,2019-10-28,pre
RE,2019-10-28,post
BRO,2019-10-28,post
GDI,2019-10-28,post
HTA,2019-10-28,post
OMF,2019-10-28,post
BYND,2019-10-28,post
OGS,2019-10-28,post
AWI,2019-10-28,pre
BLKB,2019-10-28,post
SSD,2019-10-28,post
BOH,2019-10-28,pre
JBT,2019-10-28,post
OFC,2019-10-28,post
TCF,2019-10-28,post
PCH,2019-10-28,post
SSB,2019-10-28,post
SANM,2019-10-28,post
VRNS,2019-10-28,post
ROIC,2019-10-28,post
HTLF,2019-10-28,post
NBTB,2019-10-28,NULL
INST,2019-10-28,post
PRK,2019-10-28,NULL
BHLB,2019-10-28,post
TRTX,2019-10-28,post
OI,2019-10-28,post
TCBK,2019-10-28,NULL
TBI,2019-10-28,post
GABC,2019-10-28,NULL
CKH,2019-10-28,NULL
OPB,2019-10-28,pre
CPAC,2019-10-28,post
AMAL,2019-10-28,pre
HEXO,2019-10-28,post
SBT,2019-10-28,post
NXE,2019-10-28,NULL
CSV,2019-10-28,post
KNSA,2019-10-28,NULL
BCML,2019-10-28,NULL
NRIM,2019-10-28,NULL
CBFV,2019-10-28,NULL
IVAC,2019-10-28,post
LXU,2019-10-28,post
CZWI,2019-10-28,NULL
SBFG,2019-10-28,post
AGRX,2019-10-28,NULL
AMD,2019-10-29,post
BP,2019-10-29,pre
MA,2019-10-29,pre
PFE,2019-10-29,pre
GM,2019-10-29,pre
MRK,2019-10-29,pre
SHOP,2019-10-29,pre
AMGN,2019-10-29,post
AMED,2019-10-29,post
HCA,2019-10-29,pre
MOH,2019-10-29,post
EA,2019-10-29,post
COP,2019-10-29,pre
FEYE,2019-10-29,post
NOA,2019-10-29,post
VSH,2019-10-29,pre
PAYC,2019-10-29,post
AJRD,2019-10-29,NULL
CMI,2019-10-29,pre
OKE,2019-10-29,post
GLW,2019-10-29,pre
I,2019-10-29,pre
ZBRA,2019-10-29,pre
HSC,2019-10-29,pre
NEO,2019-10-29,pre
ZEN,2019-10-29,post
AOS,2019-10-29,pre
VNOM,2019-10-29,post
NBR,2019-10-29,post
XRX,2019-10-29,pre
INCY,2019-10-29,pre
SYK,2019-10-29,post
EXAS,2019-10-29,post
VSTM,2019-10-29,post
K,2019-10-29,pre
MTDR,2019-10-29,post
HZO,2019-10-29,pre
ETN,2019-10-29,pre
KKR,2019-10-29,pre
MDLZ,2019-10-29,post
R,2019-10-29,pre
ALL,2019-10-29,post
DLR,2019-10-29,post
FMC,2019-10-29,post
HLF,2019-10-29,post
EPR,2019-10-29,post
LSCC,2019-10-29,post
IR,2019-10-29,pre
GNW,2019-10-29,post
CNX,2019-10-29,pre
AR,2019-10-29,post
ENPH,2019-10-29,post
ECL,2019-10-29,pre
PAG,2019-10-29,pre
EIX,2019-10-29,post
IPGP,2019-10-29,pre
AX,2019-10-29,post
MKL,2019-10-29,post
CAI,2019-10-29,post
MAT,2019-10-29,post
CXO,2019-10-29,post
SLCA,2019-10-29,pre
PSA,2019-10-29,post
UNM,2019-10-29,post
TX,2019-10-29,post
IRDM,2019-10-29,pre
CHE,2019-10-29,post
MLM,2019-10-29,pre
MXIM,2019-10-29,post
ARAY,2019-10-29,post
LDOS,2019-10-29,pre
VRSK,2019-10-29,post
YUMC,2019-10-29,post
CB,2019-10-29,post
AM,2019-10-29,post
SPGI,2019-10-29,pre
CEQP,2019-10-29,pre
CNXM,2019-10-29,pre
SAM,2019-10-29,post
LNN,2019-10-29,pre
SIMO,2019-10-29,post
EME,2019-10-29,pre
SGEN,2019-10-29,post
CRVS,2019-10-29,post
BXP,2019-10-29,post
CHRW,2019-10-29,post
AHT,2019-10-29,post
SMPL,2019-10-29,pre
CYH,2019-10-29,post
EXR,2019-10-29,post
AN,2019-10-29,pre
NATI,2019-10-29,post
DBD,2019-10-29,pre
ACCO,2019-10-29,post
MRCY,2019-10-29,post
RGS,2019-10-29,pre
MMC,2019-10-29,pre
FMS,2019-10-29,pre
ACGL,2019-10-29,post
INVH,2019-10-29,post
AGR,2019-10-29,post
UDR,2019-10-29,post
WAT,2019-10-29,pre
FNF,2019-10-29,post
IEX,2019-10-29,post
SEOAY,2019-10-29,NULL
AFG,2019-10-29,post
RNR,2019-10-29,post
HUBB,2019-10-29,pre
TECH,2019-10-29,pre
AGCO,2019-10-29,pre
REXR,2019-10-29,post
WH,2019-10-29,pre
AXS,2019-10-29,post
WRI,2019-10-29,post
BVN,2019-10-29,post
EQC,2019-10-29,post
NWE,2019-10-29,post
MOR,2019-10-29,pre
SHOO,2019-10-29,pre
UMBF,2019-10-29,post
IPHI,2019-10-29,post
RXN,2019-10-29,post
RPAI,2019-10-29,post
ADSW,2019-10-29,post
AAT,2019-10-29,post
AIN,2019-10-29,post
CIGI,2019-10-29,pre
FELE,2019-10-29,pre
PTCT,2019-10-29,post
EURN,2019-10-29,pre
TENB,2019-10-29,post
EXLS,2019-10-29,pre
CVLT,2019-10-29,pre
TCO,2019-10-29,post
APAM,2019-10-29,post
FCPT,2019-10-29,post
CAKE,2019-10-29,post
MGRC,2019-10-29,post
ATGE,2019-10-29,post
MSTR,2019-10-29,post
CSII,2019-10-29,post
HURN,2019-10-29,post
FCF,2019-10-29,post
ILPT,2019-10-29,pre
THRM,2019-10-29,pre
WDR,2019-10-29,pre
DENN,2019-10-29,post
LBRT,2019-10-29,post
NXRT,2019-10-29,pre
BTU,2019-10-29,pre
KAI,2019-10-29,post
SILK,2019-10-29,post
FSP,2019-10-29,post
CCS,2019-10-29,post
AMTB,2019-10-29,pre
SYX,2019-10-29,post
ASTE,2019-10-29,pre
GLT,2019-10-29,pre
OSPN,2019-10-29,post
WTRE,2019-10-29,post
ATEN,2019-10-29,post
BBDC,2019-10-29,pre
CCBG,2019-10-29,NULL
UFI,2019-10-29,pre
PEI,2019-10-29,post
HBCP,2019-10-29,NULL
RYI,2019-10-29,post
RRBI,2019-10-29,NULL
GORO,2019-10-29,pre
SPNE,2019-10-29,post
MEC,2019-10-29,post
TCS,2019-10-29,post
FSTR,2019-10-29,post
PROV,2019-10-29,pre
SREV,2019-10-29,post
BAYK,2019-10-29,NULL
CPSS,2019-10-29,pre
BWEN,2019-10-29,pre
SAVA,2019-10-29,NULL
ALIM,2019-10-29,post
AAPL,2019-10-30,post
FB,2019-10-30,post
GE,2019-10-30,pre
TWLO,2019-10-30,post
SBUX,2019-10-30,post
WDC,2019-10-30,post
ETSY,2019-10-30,post
SO,2019-10-30,pre
SNE,2019-10-30,pre
EXEL,2019-10-30,post
CF,2019-10-30,post
BOOT,2019-10-30,post
NLY,2019-10-30,post
CROX,2019-10-30,pre
GSK,2019-10-30,NULL
MET,2019-10-30,post
ARCC,2019-10-30,pre
AGNC,2019-10-30,post
CME,2019-10-30,pre
TDOC,2019-10-30,post
ALSN,2019-10-30,post
MEOH,2019-10-30,post
AKS,2019-10-30,post
VRTX,2019-10-30,post
APA,2019-10-30,post
MLNX,2019-10-30,post
QLYS,2019-10-30,post
WMB,2019-10-30,post
HABT,2019-10-30,post
OLED,2019-10-30,post
TOT,2019-10-30,pre
AWK,2019-10-30,post
WCG,2019-10-30,pre
DDD,2019-10-30,post
ADP,2019-10-30,pre
ELY,2019-10-30,post
UCTT,2019-10-30,post
CATM,2019-10-30,post
KLAC,2019-10-30,post
CTSH,2019-10-30,post
CREE,2019-10-30,post
GRMN,2019-10-30,pre
CIM,2019-10-30,pre
MGM,2019-10-30,post
LXFR,2019-10-30,post
STAA,2019-10-30,post
CHEF,2019-10-30,post
SPWR,2019-10-30,post
CACI,2019-10-30,post
RCL,2019-10-30,pre
SU,2019-10-30,post
SKT,2019-10-30,post
SPG,2019-10-30,pre
HES,2019-10-30,pre
CLH,2019-10-30,pre
YUM,2019-10-30,pre
ACAD,2019-10-30,post
FOXF,2019-10-30,post
TAP,2019-10-30,pre
ZNGA,2019-10-30,post
ETR,2019-10-30,pre
COLM,2019-10-30,post
MCK,2019-10-30,pre
MASI,2019-10-30,post
INVA,2019-10-30,NULL
WTI,2019-10-30,post
SFM,2019-10-30,post
RBBN,2019-10-30,post
BAYRY,2019-10-30,NULL
IRMD,2019-10-30,pre
MSI,2019-10-30,post
HCC,2019-10-30,post
CRUS,2019-10-30,post
OSK,2019-10-30,pre
QDEL,2019-10-30,post
NYCB,2019-10-30,pre
DAN,2019-10-30,pre
CFMS,2019-10-30,post
CHDN,2019-10-30,post
SBRA,2019-10-30,pre
KBR,2019-10-30,pre
TREE,2019-10-30,post
EVTC,2019-10-30,post
EXTR,2019-10-30,pre
STAG,2019-10-30,post
AAWW,2019-10-30,pre
PRAH,2019-10-30,post
HUBG,2019-10-30,post
IMMU,2019-10-30,post
WING,2019-10-30,pre
SKYW,2019-10-30,post
BFAM,2019-10-30,post
CLR,2019-10-30,post
ECOL,2019-10-30,post
MMSI,2019-10-30,post
APTV,2019-10-30,pre
TEL,2019-10-30,pre
ENSG,2019-10-30,post
HTGC,2019-10-30,post
CODI,2019-10-30,post
TKR,2019-10-30,post
RDN,2019-10-30,post
EQIX,2019-10-30,post
MLCO,2019-10-30,pre
AXTI,2019-10-30,post
TGE,2019-10-30,pre
RSG,2019-10-30,post
VTVT,2019-10-30,NULL
FRT,2019-10-30,post
BG,2019-10-30,pre
LSI,2019-10-30,post
EVA,2019-10-30,pre
CSGS,2019-10-30,post
HASI,2019-10-30,post
AZPN,2019-10-30,post
GLOP,2019-10-30,pre
PPC,2019-10-30,post
CONE,2019-10-30,post
NE,2019-10-30,post
WSR,2019-10-30,post
LNC,2019-10-30,post
WPX,2019-10-30,post
INFI,2019-10-30,post
ACIA,2019-10-30,NULL
TUP,2019-10-30,pre
SAND,2019-10-30,post
MAS,2019-10-30,pre
GSS,2019-10-30,post
BKCC,2019-10-30,post
BLDP,2019-10-30,post
PVG,2019-10-30,post
CW,2019-10-30,post
MCO,2019-10-30,pre
RGA,2019-10-30,post
FLS,2019-10-30,post
IQV,2019-10-30,pre
ARQL,2019-10-30,pre
MC,2019-10-30,post
SOI,2019-10-30,post
HEP,2019-10-30,pre
AGI,2019-10-30,post
TTMI,2019-10-30,post
VIAV,2019-10-30,post
NI,2019-10-30,pre
TEX,2019-10-30,post
ATRC,2019-10-30,post
MDCO,2019-10-30,pre
XAN,2019-10-30,post
NGHC,2019-10-30,post
DIN,2019-10-30,pre
SCI,2019-10-30,post
CRY,2019-10-30,post
JCAP,2019-10-30,post
CORR,2019-10-30,post
SP,2019-10-30,post
NMRK,2019-10-30,pre
EAT,2019-10-30,pre
LM,2019-10-30,post
LHX,2019-10-30,pre
BKR,2019-10-30,pre
ESALY,2019-10-30,NULL
MAA,2019-10-30,post
TS,2019-10-30,post
DRE,2019-10-30,post
LYFT,2019-10-30,post
BSAC,2019-10-30,pre
REG,2019-10-30,post
TYL,2019-10-30,post
TRMB,2019-10-30,post
PKI,2019-10-30,post
SC,2019-10-30,pre
ST,2019-10-30,pre
H,2019-10-30,post
SVCBY,2019-10-30,NULL
QGEN,2019-10-30,post
ORCC,2019-10-30,post
DT,2019-10-30,post
SWI,2019-10-30,post
LECO,2019-10-30,pre
HPP,2019-10-30,pre
PCTY,2019-10-30,post
THG,2019-10-30,post
JHG,2019-10-30,pre
LFUS,2019-10-30,pre
WYND,2019-10-30,pre
NVT,2019-10-30,pre
SIGI,2019-10-30,post
UTHR,2019-10-30,pre
CMPR,2019-10-30,post
RYN,2019-10-30,post
TRNO,2019-10-30,NULL
SITE,2019-10-30,pre
NUVA,2019-10-30,post
EQX,2019-10-30,post
MUSA,2019-10-30,post
LIVN,2019-10-30,pre
WTS,2019-10-30,post
CNMD,2019-10-30,post
MANT,2019-10-30,post
AXE,2019-10-30,pre
SITC,2019-10-30,pre
PDM,2019-10-30,post
INT,2019-10-30,post
ROG,2019-10-30,post
SUM,2019-10-30,pre
UE,2019-10-30,post
INOV,2019-10-30,post
PS,2019-10-30,post
TMHC,2019-10-30,pre
SAIA,2019-10-30,pre
BDC,2019-10-30,pre
AIT,2019-10-30,pre
WHD,2019-10-30,post
MDC,2019-10-30,post
SPXC,2019-10-30,post
SJW,2019-10-30,post
CLI,2019-10-30,post
NSA,2019-10-30,post
FLOW,2019-10-30,pre
EGHT,2019-10-30,post
ACA,2019-10-30,post
RWT,2019-10-30,post
SKY,2019-10-30,post
HTLD,2019-10-30,NULL
INSM,2019-10-30,pre
FORM,2019-10-30,post
EGOV,2019-10-30,post
CBZ,2019-10-30,pre
OII,2019-10-30,post
TNC,2019-10-30,pre
IRT,2019-10-30,post
CNXN,2019-10-30,post
ALG,2019-10-30,post
SMP,2019-10-30,pre
RPT,2019-10-30,post
PJC,2019-10-30,pre
KREF,2019-10-30,post
EPZM,2019-10-30,NULL
CRTO,2019-10-30,pre
VAL,2019-10-30,pre
KFRC,2019-10-30,pre
FARO,2019-10-30,post
SRI,2019-10-30,post
LIND,2019-10-30,pre
MCRI,2019-10-30,NULL
GOOD,2019-10-30,post
AEGN,2019-10-30,post
MUX,2019-10-30,pre
CERS,2019-10-30,post
NR,2019-10-30,post
FLIC,2019-10-30,NULL
HESM,2019-10-30,pre
MYRG,2019-10-30,post
DCO,2019-10-30,post
RTRX,2019-10-30,post
UIHC,2019-10-30,post
MBIN,2019-10-30,NULL
ADTN,2019-10-30,post
DGICA,2019-10-30,post
DMRC,2019-10-30,post
ATEC,2019-10-30,post
HVT,2019-10-30,post
WLDN,2019-10-30,post
ORBC,2019-10-30,pre
BHR,2019-10-30,post
NWPX,2019-10-30,post
SMLR,2019-10-30,post
CDR,2019-10-30,post
GHM,2019-10-30,pre
BWFG,2019-10-30,NULL
LEVL,2019-10-30,NULL
KLDO,2019-10-30,NULL
KVHI,2019-10-30,pre
MFIN,2019-10-30,post
ORN,2019-10-30,post
GPL,2019-10-30,post
BANX,2019-10-30,post
IO,2019-10-30,post
ICAD,2019-10-30,pre
PRGX,2019-10-30,post
ZVO,2019-10-30,post
APEN,2019-10-30,post
AINC,2019-10-30,post
ATOM,2019-10-30,post
EKSO,2019-10-30,post
SONM,2019-10-30,pre
RAIL,2019-10-30,post
WMLLF,2019-10-30,NULL
BAS,2019-10-30,post
BMY,2019-10-31,pre
MO,2019-10-31,pre
CELG,2019-10-31,pre
KHC,2019-10-31,pre
ABMD,2019-10-31,pre
ANET,2019-10-31,post
ARCB,2019-10-31,post
ADM,2019-10-31,pre
RDS.A,2019-10-31,pre
MPC,2019-10-31,pre
CI,2019-10-31,pre
FTNT,2019-10-31,post
X,2019-10-31,post
AYX,2019-10-31,post
IP,2019-10-31,pre
IRM,2019-10-31,pre
NMM,2019-10-31,pre
MIC,2019-10-31,post
SIRI,2019-10-31,pre
LITE,2019-10-31,pre
ECA,2019-10-31,pre
AMT,2019-10-31,pre
MPW,2019-10-31,pre
EXC,2019-10-31,pre
CLX,2019-10-31,pre
MPLX,2019-10-31,pre
HBI,2019-10-31,pre
STOR,2019-10-31,pre
MMP,2019-10-31,pre
CRC,2019-10-31,post
SHLX,2019-10-31,post
ICE,2019-10-31,pre
HFC,2019-10-31,pre
FNKO,2019-10-31,post
CHD,2019-10-31,pre
APRN,2019-10-31,pre
SSNC,2019-10-31,post
PH,2019-10-31,pre
SHEN,2019-10-31,pre
USM,2019-10-31,post
GLPI,2019-10-31,post
MTLS,2019-10-31,pre
GNRC,2019-10-31,pre
FCAU,2019-10-31,pre
MTZ,2019-10-31,post
EL,2019-10-31,pre
W,2019-10-31,pre
GPOR,2019-10-31,post
MELI,2019-10-31,post
CDW,2019-10-31,pre
TDS,2019-10-31,post
LOCO,2019-10-31,post
WWE,2019-10-31,pre
SNY,2019-10-31,pre
MN,2019-10-31,pre
APPN,2019-10-31,post
BLUE,2019-10-31,NULL
BCE,2019-10-31,pre
AFLYY,2019-10-31,NULL
IDXX,2019-10-31,pre
NTDOY,2019-10-31,NULL
QRVO,2019-10-31,post
ITGR,2019-10-31,pre
DLPH,2019-10-31,pre
MUR,2019-10-31,pre
OSB,2019-10-31,pre
YETI,2019-10-31,pre
DNKN,2019-10-31,pre
AMN,2019-10-31,post
CG,2019-10-31,pre
AT,2019-10-31,post
APO,2019-10-31,pre
CPG,2019-10-31,pre
PENN,2019-10-31,pre
EQT,2019-10-31,pre
NNN,2019-10-31,pre
LTC,2019-10-31,post
CVE,2019-10-31,pre
FLR,2019-10-31,pre
VICI,2019-10-31,post
BGS,2019-10-31,post
CBL,2019-10-31,post
BLL,2019-10-31,pre
BWA,2019-10-31,pre
XYL,2019-10-31,pre
GOL,2019-10-31,pre
MSCI,2019-10-31,pre
PEG,2019-10-31,pre
OLN,2019-10-31,post
EGO,2019-10-31,post
ICAGY,2019-10-31,NULL
ATI,2019-10-31,pre
CAR,2019-10-31,post
MGI,2019-10-31,pre
NTLA,2019-10-31,pre
CDNA,2019-10-31,post
CFX,2019-10-31,pre
LYV,2019-10-31,post
ALNY,2019-10-31,pre
WU,2019-10-31,post
SNDR,2019-10-31,pre
LKQ,2019-10-31,pre
VET,2019-10-31,pre
AME,2019-10-31,pre
FLIR,2019-10-31,pre
FNMA,2019-10-31,pre
ACLS,2019-10-31,post
SRDX,2019-10-31,post
SM,2019-10-31,post
YRCW,2019-10-31,pre
NPTN,2019-10-31,post
PMT,2019-10-31,post
TEN,2019-10-31,pre
AVP,2019-10-31,pre
NVCR,2019-10-31,pre
AKRX,2019-10-31,pre
JCOM,2019-10-31,post
RGEN,2019-10-31,pre
WEX,2019-10-31,pre
COR,2019-10-31,pre
PWR,2019-10-31,pre
BRKR,2019-10-31,post
GPN,2019-10-31,pre
USAK,2019-10-31,post
TRI,2019-10-31,pre
STFC,2019-10-31,pre
CLDT,2019-10-31,pre
SRCL,2019-10-31,pre
PBF,2019-10-31,pre
ZIXI,2019-10-31,pre
NFG,2019-10-31,post
EXP,2019-10-31,pre
AGIO,2019-10-31,pre
PCRFY,2019-10-31,NULL
IT,2019-10-31,pre
CPLP,2019-10-31,pre
FSS,2019-10-31,pre
BLDR,2019-10-31,post
SPR,2019-10-31,pre
AMSF,2019-10-31,post
AMOT,2019-10-31,post
DD,2019-10-31,pre
JAPAY,2019-10-31,NULL
REPYY,2019-10-31,NULL
WLTW,2019-10-31,pre
CTVA,2019-10-31,pre
TFX,2019-10-31,pre
WAB,2019-10-31,pre
PINS,2019-10-31,post
OTEX,2019-10-31,post
CPT,2019-10-31,post
BIO,2019-10-31,post
BSMX,2019-10-31,post
AIV,2019-10-31,post
ATR,2019-10-31,post
ARW,2019-10-31,pre
SABR,2019-10-31,pre
CFR,2019-10-31,pre
INGR,2019-10-31,pre
GIL,2019-10-31,pre
SYNH,2019-10-31,pre
TPX,2019-10-31,pre
MAC,2019-10-31,pre
ARES,2019-10-31,pre
BLD,2019-10-31,pre
HGV,2019-10-31,pre
SEM,2019-10-31,NULL
CWT,2019-10-31,pre
AAON,2019-10-31,post
XHR,2019-10-31,pre
PFSI,2019-10-31,post
HTH,2019-10-31,post
AMCX,2019-10-31,pre
WCC,2019-10-31,pre
PQG,2019-10-31,pre
GOLF,2019-10-31,pre
TPH,2019-10-31,pre
CWST,2019-10-31,post
PBH,2019-10-31,pre
KNSL,2019-10-31,post
NTCT,2019-10-31,pre
MTX,2019-10-31,post
IDCC,2019-10-31,pre
IRWD,2019-10-31,pre
MINI,2019-10-31,post
EIDX,2019-10-31,NULL
MNTA,2019-10-31,pre
FTAI,2019-10-31,post
FFG,2019-10-31,post
PBFX,2019-10-31,pre
IMAX,2019-10-31,pre
NEXA,2019-10-31,post
MRC,2019-10-31,post
COOP,2019-10-31,pre
OEC,2019-10-31,post
AHH,2019-10-31,pre
NOVA,2019-10-31,pre
WRLD,2019-10-31,pre
FLWS,2019-10-31,pre
MERC,2019-10-31,post
LNTH,2019-10-31,pre
MGPI,2019-10-31,pre
STAR,2019-10-31,pre
HMHC,2019-10-31,pre
ALTM,2019-10-31,post
BXG,2019-10-31,pre
RMAX,2019-10-31,post
SPAR,2019-10-31,pre
CYTK,2019-10-31,post
CTT,2019-10-31,post
EIGI,2019-10-31,pre
TGH,2019-10-31,post
PDFS,2019-10-31,post
ERII,2019-10-31,post
MOBL,2019-10-31,post
HRTG,2019-10-31,post
CRAI,2019-10-31,pre
FDUS,2019-10-31,post
ARD,2019-10-31,pre
CASA,2019-10-31,post
MIXT,2019-10-31,pre
SLCT,2019-10-31,NULL
MFNC,2019-10-31,NULL
ASPN,2019-10-31,post
MNLO,2019-10-31,NULL
PXLW,2019-10-31,post
FLL,2019-10-31,post
ICD,2019-10-31,pre
JCS,2019-10-31,NULL
ASLN,2019-10-31,NULL
ISDR,2019-10-31,post
QUMU,2019-10-31,post
SUNW,2019-10-31,pre
PRTO,2019-10-31,NULL
PESX,2019-10-31,pre
BIOVF,2019-10-31,NULL
BABA,2019-11-01,pre
ABBV,2019-11-01,pre
XOM,2019-11-01,pre
CVX,2019-11-01,pre
D,2019-11-01,pre
ABR,2019-11-01,pre
STX,2019-11-01,pre
NWL,2019-11-01,pre
MSEX,2019-11-01,NULL
TRP,2019-11-01,pre
CL,2019-11-01,pre
UUUU,2019-11-01,NULL
WPC,2019-11-01,pre
HMSY,2019-11-01,pre
LNG,2019-11-01,pre
LYB,2019-11-01,pre
AIG,2019-11-01,pre
CCJ,2019-11-01,pre
NVO,2019-11-01,pre
CQP,2019-11-01,NULL
HE,2019-11-01,pre
BAH,2019-11-01,pre
AXL,2019-11-01,pre
POR,2019-11-01,pre
CBOE,2019-11-01,pre
IMGN,2019-11-01,pre
SRE,2019-11-01,pre
HAE,2019-11-01,pre
PBA,2019-11-01,pre
FTS,2019-11-01,pre
CIO,2019-11-01,pre
CACC,2019-11-01,post
AMAG,2019-11-01,pre
WOW,2019-11-01,pre
PRTS,2019-11-01,post
OPI,2019-11-01,pre
ITT,2019-11-01,pre
IMO,2019-11-01,pre
HRC,2019-11-01,pre
RICOY,2019-11-01,NULL
MZDAY,2019-11-01,NULL
FND,2019-11-01,pre
PNM,2019-11-01,pre
ROLL,2019-11-01,pre
MOG.A,2019-11-01,pre
BHVN,2019-11-01,NULL
IBP,2019-11-01,pre
MD,2019-11-01,pre
MGLN,2019-11-01,pre
RYTM,2019-11-01,NULL
RUTH,2019-11-01,pre
XENT,2019-11-01,pre
GSHD,2019-11-01,pre
ASIX,2019-11-01,pre
SNR,2019-11-01,pre
TPB,2019-11-01,pre
BBX,2019-11-01,pre
BGG,2019-11-01,pre
USX,2019-11-01,pre
TWIN,2019-11-01,pre
URG,2019-11-01,NULL
OIIM,2019-11-01,pre
HSON,2019-11-01,pre
PULM,2019-11-01,NULL
AEMD,2019-11-01,post
BRK.B,2019-11-02,NULL
COHU,2019-11-03,pre
BHC,2019-11-04,pre
PCG,2019-11-04,NULL
MOS,2019-11-04,post
O,2019-11-04,post
OXY,2019-11-04,post
UAA,2019-11-04,pre
CC,2019-11-04,post
PRU,2019-11-04,post
HTZ,2019-11-04,post
S,2019-11-04,pre
TNDM,2019-11-04,post
FE,2019-11-04,pre
GRPN,2019-11-04,post
MYGN,2019-11-04,post
MDR,2019-11-04,NULL
DIOD,2019-11-04,post
BSM,2019-11-04,post
PEGI,2019-11-04,NULL
PXD,2019-11-04,post
APLE,2019-11-04,post
NSP,2019-11-04,pre
ED,2019-11-04,post
NTR,2019-11-04,post
MAR,2019-11-04,post
RNG,2019-11-04,post
HUD,2019-11-04,post
SYY,2019-11-04,pre
NBIX,2019-11-04,post
CSWC,2019-11-04,post
CRNT,2019-11-04,pre
TRVN,2019-11-04,NULL
DK,2019-11-04,post
AGEN,2019-11-04,pre
ACOR,2019-11-04,post
IIN,2019-11-04,post
ENDP,2019-11-04,pre
WTR,2019-11-04,post
CHGG,2019-11-04,post
MAXR,2019-11-04,NULL
GAIN,2019-11-04,post
AWR,2019-11-04,post
LASR,2019-11-04,post
RYAM,2019-11-04,post
RACE,2019-11-04,pre
THC,2019-11-04,post
PI,2019-11-04,post
XEC,2019-11-04,post
SHAK,2019-11-04,post
APPS,2019-11-04,post
CPE,2019-11-04,post
CDE,2019-11-04,post
VECO,2019-11-04,post
FN,2019-11-04,post
CRZO,2019-11-04,NULL
ADUS,2019-11-04,post
HPR,2019-11-04,post
CLAR,2019-11-04,post
NLST,2019-11-04,pre
BHF,2019-11-04,post
TSE,2019-11-04,post
CBT,2019-11-04,post
VCTR,2019-11-04,post
SOGO,2019-11-04,pre
BKH,2019-11-04,post
TCRD,2019-11-04,post
MRNS,2019-11-04,NULL
EVBG,2019-11-04,post
GCI,2019-11-04,pre
HIG,2019-11-04,post
MDRX,2019-11-04,post
IFF,2019-11-04,post
PARR,2019-11-04,post
MYOK,2019-11-04,NULL
ITUB,2019-11-04,post
TYME,2019-11-04,post
CPTA,2019-11-04,post
FICO,2019-11-04,post
APTS,2019-11-04,post
VAC,2019-11-04,post
UBER,2019-11-04,post
FUJHY,2019-11-04,NULL
RYAAY,2019-11-04,NULL
GRFS,2019-11-04,NULL
GLPEY,2019-11-04,NULL
STE,2019-11-04,post
JKHY,2019-11-04,post
WES,2019-11-04,post
LIOPF,2019-11-04,NULL
BWXT,2019-11-04,post
AAN,2019-11-04,post
KMPR,2019-11-04,post
HHC,2019-11-04,post
HR,2019-11-04,post
MRTX,2019-11-04,NULL
OUT,2019-11-04,post
RBC,2019-11-04,pre
TARO,2019-11-04,post
SHO,2019-11-04,post
ITRI,2019-11-04,post
QTS,2019-11-04,post
IOVA,2019-11-04,post
KMT,2019-11-04,post
MGY,2019-11-04,pre
KOS,2019-11-04,pre
MMYT,2019-11-04,pre
DCPH,2019-11-04,post
REAL,2019-11-04,post
FRPT,2019-11-04,post
DINRF,2019-11-04,NULL
KAMN,2019-11-04,post
DOOR,2019-11-04,post
RMBS,2019-11-04,post
TRS,2019-11-04,pre
BKD,2019-11-04,post
HLIO,2019-11-04,post
SYKE,2019-11-04,post
SWM,2019-11-04,post
TPTX,2019-11-04,post
PLOW,2019-11-04,post
SPNS,2019-11-04,pre
PRIM,2019-11-04,pre
PLMR,2019-11-04,post
PAHC,2019-11-04,post
LMNX,2019-11-04,post
CDEV,2019-11-04,post
SLRC,2019-11-04,post
TCMD,2019-11-04,post
NSTG,2019-11-04,post
FBM,2019-11-04,post
DKL,2019-11-04,post
KPTI,2019-11-04,pre
KRYS,2019-11-04,NULL
ARVN,2019-11-04,NULL
RVNC,2019-11-04,post
NCMI,2019-11-04,post
EVER,2019-11-04,post
FRTA,2019-11-04,post
QTNT,2019-11-04,pre
NSSC,2019-11-04,pre
ETH,2019-11-04,post
CCXI,2019-11-04,post
CRD.B,2019-11-04,post
EXTN,2019-11-04,post
MG,2019-11-04,post
EOLS,2019-11-04,pre
STRL,2019-11-04,post
SOHU,2019-11-04,pre
PKOH,2019-11-04,post
DRRX,2019-11-04,post
HARP,2019-11-04,NULL
AOSL,2019-11-04,post
SUNS,2019-11-04,post
SNCR,2019-11-04,post
USAS,2019-11-04,NULL
CNTY,2019-11-04,post
FPI,2019-11-04,NULL
SPRO,2019-11-04,NULL
ELVT,2019-11-04,post
NERV,2019-11-04,pre
FLGT,2019-11-04,post
DAC,2019-11-04,post
FTSI,2019-11-04,post
GAIA,2019-11-04,post
NCSM,2019-11-04,post
PBPB,2019-11-04,post
HNRG,2019-11-04,post
ATXI,2019-11-04,NULL
BCLI,2019-11-04,NULL
SUP,2019-11-04,pre
NOVN,2019-11-04,NULL
VTGN,2019-11-04,NULL
TLGT,2019-11-04,post
AKTX,2019-11-04,NULL
WFTIQ,2019-11-04,NULL
NVTR,2019-11-04,NULL
SRRA,2019-11-04,NULL
HAIR,2019-11-04,NULL
MYO,2019-11-04,NULL
REXN,2019-11-04,NULL
NDRA,2019-11-04,NULL
CHEK,2019-11-04,NULL
ASCMA,2019-11-04,NULL
PQUEQ,2019-11-04,NULL
BEAT,2019-11-05,post
CHK,2019-11-05,pre
AMRN,2019-11-05,pre
OHI,2019-11-05,post
GWPH,2019-11-05,post
FTR,2019-11-05,post
AEZS,2019-11-05,NULL
PPL,2019-11-05,pre
HCHC,2019-11-05,post
AGN,2019-11-05,pre
INGN,2019-11-05,post
GHDX,2019-11-05,NULL
NEWR,2019-11-05,post
MTCH,2019-11-05,post
ATH,2019-11-05,pre
CCR,2019-11-05,pre
GLDD,2019-11-05,pre
GTE,2019-11-05,post
OPK,2019-11-05,post
VCEL,2019-11-05,pre
REGN,2019-11-05,pre
ALRM,2019-11-05,post
TWO,2019-11-05,post
EMR,2019-11-05,pre
VGR,2019-11-05,post
MCHP,2019-11-05,post
TRVG,2019-11-05,pre
ATUS,2019-11-05,post
LGND,2019-11-05,post
DVN,2019-11-05,post
BDX,2019-11-05,pre
NEM,2019-11-05,pre
MYL,2019-11-05,pre
BGSF,2019-11-05,pre
VKTX,2019-11-05,pre
PAA,2019-11-05,post
FANG,2019-11-05,post
ARNC,2019-11-05,pre
ATHM,2019-11-05,pre
TM,2019-11-05,NULL
PBI,2019-11-05,pre
WLL,2019-11-05,post
CZR,2019-11-05,post
MNK,2019-11-05,pre
PE,2019-11-05,post
HUBS,2019-11-05,post
CARA,2019-11-05,post
SXC,2019-11-05,pre
KTOS,2019-11-05,post
REGI,2019-11-05,post
VIV,2019-11-05,pre
ICHR,2019-11-05,post
SPKE,2019-11-05,post
OAS,2019-11-05,post
DVA,2019-11-05,post
BTG,2019-11-05,post
FIVN,2019-11-05,post
COHR,2019-11-05,post
MGP,2019-11-05,pre
PTLA,2019-11-05,post
AMSC,2019-11-05,post
ES,2019-11-05,post
TPR,2019-11-05,pre
WLK,2019-11-05,pre
JAZZ,2019-11-05,post
OMP,2019-11-05,post
ICPT,2019-11-05,pre
FLDM,2019-11-05,post
CPSI,2019-11-05,post
JLL,2019-11-05,pre
GSKY,2019-11-05,pre
GBT,2019-11-05,NULL
AFI,2019-11-05,pre
NYMT,2019-11-05,post
AMRC,2019-11-05,pre
AINV,2019-11-05,post
NOVT,2019-11-05,pre
BRG,2019-11-05,pre
VVUS,2019-11-05,post
ATRS,2019-11-05,pre
SUPN,2019-11-05,post
NS,2019-11-05,pre
LPX,2019-11-05,pre
WBT,2019-11-05,pre
WIFI,2019-11-05,post
EXPD,2019-11-05,pre
SWIR,2019-11-05,post
SSRM,2019-11-05,post
LUNA,2019-11-05,post
EQM,2019-11-05,pre
ITI,2019-11-05,post
EVRI,2019-11-05,post
CENX,2019-11-05,post
NPO,2019-11-05,pre
CDXS,2019-11-05,post
USAC,2019-11-05,pre
LTHM,2019-11-05,post
ACHC,2019-11-05,post
VPG,2019-11-05,pre
TA,2019-11-05,pre
HSIC,2019-11-05,pre
VIRT,2019-11-05,pre
PTI,2019-11-05,NULL
CMP,2019-11-05,post
TSQ,2019-11-05,pre
LC,2019-11-05,post
IDRA,2019-11-05,NULL
RPD,2019-11-05,pre
SRC,2019-11-05,pre
ONCE,2019-11-05,NULL
GPMT,2019-11-05,post
ZBH,2019-11-05,pre
EVH,2019-11-05,post
HT,2019-11-05,post
FATE,2019-11-05,post
CARG,2019-11-05,post
TSLX,2019-11-05,post
LPI,2019-11-05,post
RIGL,2019-11-05,post
CHCT,2019-11-05,post
CEIX,2019-11-05,pre
FIS,2019-11-05,pre
BAMXF,2019-11-05,NULL
OCPNY,2019-11-05,NULL
VST,2019-11-05,pre
HST,2019-11-05,post
Y,2019-11-05,post
USFD,2019-11-05,pre
PODD,2019-11-05,post
AVTR,2019-11-05,pre
LAMR,2019-11-05,pre
BNTGY,2019-11-05,NULL
AIZ,2019-11-05,post
VOYA,2019-11-05,post
DEI,2019-11-05,post
CTLT,2019-11-05,pre
PTON,2019-11-05,pre
TSU,2019-11-05,post
CDK,2019-11-05,post
AVLR,2019-11-05,post
CCC,2019-11-05,pre
CHH,2019-11-05,pre
RHP,2019-11-05,pre
CNK,2019-11-05,pre
PINC,2019-11-05,pre
CWK,2019-11-05,post
FTDR,2019-11-05,pre
UNVR,2019-11-05,pre
CSOD,2019-11-05,post
ETRN,2019-11-05,pre
ALLO,2019-11-05,pre
BPMC,2019-11-05,pre
KAR,2019-11-05,post
BCPC,2019-11-05,pre
PAGP,2019-11-05,post
HLNE,2019-11-05,pre
GTES,2019-11-05,post
GRP.U,2019-11-05,post
RRR,2019-11-05,post
NUS,2019-11-05,post
LCII,2019-11-05,pre
CNO,2019-11-05,post
IPAR,2019-11-05,post
VRRM,2019-11-05,pre
RARE,2019-11-05,post
WW,2019-11-05,post
RTLR,2019-11-05,post
AVNS,2019-11-05,pre
PRA,2019-11-05,post
AMK,2019-11-05,post
XNCR,2019-11-05,post
MWA,2019-11-05,post
BMCH,2019-11-05,pre
LGIH,2019-11-05,pre
AKCA,2019-11-05,post
IRTC,2019-11-05,post
PLT,2019-11-05,post
KRG,2019-11-05,post
MDGL,2019-11-05,NULL
INSP,2019-11-05,post
SSTK,2019-11-05,pre
ZYME,2019-11-05,NULL
RDUS,2019-11-05,post
RGNX,2019-11-05,post
INN,2019-11-05,post
RCM,2019-11-05,pre
FI,2019-11-05,pre
NP,2019-11-05,post
INMD,2019-11-05,pre
ATRO,2019-11-05,pre
MODN,2019-11-05,post
TBPH,2019-11-05,post
SXI,2019-11-05,post
TPRE,2019-11-05,post
BSIG,2019-11-05,pre
PRNB,2019-11-05,NULL
CGBD,2019-11-05,post
GTHX,2019-11-05,post
TRUP,2019-11-05,post
THR,2019-11-05,pre
PUMP,2019-11-05,NULL
EEX,2019-11-05,pre
KURA,2019-11-05,post
BBSI,2019-11-05,post
HSKA,2019-11-05,pre
MYE,2019-11-05,pre
CPLG,2019-11-05,NULL
CPS,2019-11-05,post
TISI,2019-11-05,post
ITCI,2019-11-05,pre
WMC,2019-11-05,post
VEC,2019-11-05,post
HCKT,2019-11-05,post
GPRE,2019-11-05,post
PRMW,2019-11-05,post
AVD,2019-11-05,post
SGRY,2019-11-05,pre
OXFD,2019-11-05,pre
IPI,2019-11-05,pre
RRGB,2019-11-05,post
CCRN,2019-11-05,post
DFIN,2019-11-05,pre
OTCM,2019-11-05,post
DERM,2019-11-05,post
PTGX,2019-11-05,NULL
PRTA,2019-11-05,post
EXK,2019-11-05,pre
TLRA,2019-11-05,pre
HCI,2019-11-05,post
DSPG,2019-11-05,pre
CBAY,2019-11-05,post
GPP,2019-11-05,post
AJX,2019-11-05,post
BXC,2019-11-05,post
UROV,2019-11-05,post
SIC,2019-11-05,pre
PKD,2019-11-05,post
ELOX,2019-11-05,post
ASC,2019-11-05,pre
ARA,2019-11-05,post
IOTS,2019-11-05,post
PRVB,2019-11-05,post
ALLT,2019-11-05,pre
MCRB,2019-11-05,pre
FRGI,2019-11-05,post
CHMA,2019-11-05,post
XENE,2019-11-05,post
VRTV,2019-11-05,pre
EVLO,2019-11-05,pre
QMCO,2019-11-05,post
VAPO,2019-11-05,post
CVSI,2019-11-05,post
FNHC,2019-11-05,post
OPRX,2019-11-05,post
STIM,2019-11-05,pre
SCOR,2019-11-05,post
CTSO,2019-11-05,post
METC,2019-11-05,post
HCR,2019-11-05,post
APTO,2019-11-05,post
HBIO,2019-11-05,post
MWK,2019-11-05,post
CORV,2019-11-05,NULL
CMRX,2019-11-05,pre
RESN,2019-11-05,post
ARAV,2019-11-05,NULL
OTIC,2019-11-05,post
SPNV,2019-11-05,post
TUES,2019-11-05,pre
VRNA,2019-11-05,pre
HYRE,2019-11-05,post
SHIP,2019-11-05,pre
TCON,2019-11-05,post
NSPR,2019-11-05,NULL
SQ,2019-11-06,post
ROKU,2019-11-06,post
CVS,2019-11-06,pre
QCOM,2019-11-06,post
CTL,2019-11-06,post
ET,2019-11-06,post
IQ,2019-11-06,post
BIDU,2019-11-06,post
CYBR,2019-11-06,pre
VRS,2019-11-06,NULL
FOSL,2019-11-06,post
TRIP,2019-11-06,post
WYNN,2019-11-06,post
PSEC,2019-11-06,post
MRO,2019-11-06,post
ALB,2019-11-06,post
RCII,2019-11-06,post
DXCM,2019-11-06,post
EGAN,2019-11-06,post
HUM,2019-11-06,pre
EOG,2019-11-06,post
AAOI,2019-11-06,post
VNDA,2019-11-06,post
GLUU,2019-11-06,post
FIT,2019-11-06,post
ACRX,2019-11-06,post
NKTR,2019-11-06,post
CWEN,2019-11-06,pre
KL,2019-11-06,pre
SGMO,2019-11-06,post
SMG,2019-11-06,pre
MFC,2019-11-06,post
PBYI,2019-11-06,post
SUN,2019-11-06,post
SEDG,2019-11-06,post
GOLD,2019-11-06,pre
ODP,2019-11-06,pre
XPER,2019-11-06,post
IAC,2019-11-06,post
ANGI,2019-11-06,post
EVRG,2019-11-06,post
III,2019-11-06,post
VSI,2019-11-06,NULL
SBOW,2019-11-06,post
INSG,2019-11-06,post
AES,2019-11-06,pre
ATHX,2019-11-06,post
GERN,2019-11-06,post
ZAGG,2019-11-06,post
COTY,2019-11-06,pre
BCEI,2019-11-06,post
DOC,2019-11-06,pre
EXPE,2019-11-06,post
HZNP,2019-11-06,pre
RC,2019-11-06,post
ERI,2019-11-06,post
CCLP,2019-11-06,pre
LCI,2019-11-06,post
FISV,2019-11-06,post
AYR,2019-11-06,pre
VMC,2019-11-06,pre
IONS,2019-11-06,pre
DXPE,2019-11-06,post
WEC,2019-11-06,pre
BR,2019-11-06,pre
FUN,2019-11-06,pre
CVNA,2019-11-06,post
KRO,2019-11-06,NULL
TPVG,2019-11-06,post
KGC,2019-11-06,post
ARTX,2019-11-06,post
NXST,2019-11-06,pre
TXMD,2019-11-06,post
VSLR,2019-11-06,post
LL,2019-11-06,pre
OMI,2019-11-06,pre
WEN,2019-11-06,pre
MNKD,2019-11-06,pre
LTS,2019-11-06,NULL
MFA,2019-11-06,pre
NVTA,2019-11-06,post
CLDX,2019-11-06,NULL
AXGN,2019-11-06,post
TELL,2019-11-06,NULL
GDDY,2019-11-06,post
ELF,2019-11-06,post
CLBS,2019-11-06,post
PZZA,2019-11-06,pre
MRNA,2019-11-06,pre
ATO,2019-11-06,post
JE,2019-11-06,post
NGD,2019-11-06,pre
BRKS,2019-11-06,post
FG,2019-11-06,post
MLNT,2019-11-06,NULL
BLPH,2019-11-06,NULL
EPM,2019-11-06,post
IAG,2019-11-06,post
CBRE,2019-11-06,pre
TCPC,2019-11-06,pre
ENS,2019-11-06,post
SND,2019-11-06,pre
RGLD,2019-11-06,post
REZI,2019-11-06,post
TGS,2019-11-06,NULL
NEWT,2019-11-06,post
FOXA,2019-11-06,post
EBS,2019-11-06,post
CHMI,2019-11-06,NULL
UPWK,2019-11-06,post
ZAYO,2019-11-06,post
MCHX,2019-11-06,post
BLCM,2019-11-06,post
GMED,2019-11-06,post
MRCC,2019-11-06,post
ADAP,2019-11-06,pre
LHCG,2019-11-06,post
ACHN,2019-11-06,NULL
FLO,2019-11-06,post
ADDYY,2019-11-06,NULL
HBB,2019-11-06,post
TLND,2019-11-06,post
PAAS,2019-11-06,post
LOPE,2019-11-06,post
LNVGY,2019-11-06,NULL
RDWR,2019-11-06,pre
SEE,2019-11-06,pre
ACMR,2019-11-06,post
BL,2019-11-06,post
DVAX,2019-11-06,post
PDLI,2019-11-06,post
ENBL,2019-11-06,pre
NMFC,2019-11-06,post
ESPR,2019-11-06,pre
AEL,2019-11-06,post
CVGI,2019-11-06,post
PRGO,2019-11-06,pre
CNDT,2019-11-06,post
VER,2019-11-06,pre
SWX,2019-11-06,post
FUJIY,2019-11-06,NULL
WTTR,2019-11-06,post
BCRX,2019-11-06,pre
BNFT,2019-11-06,post
GLMD,2019-11-06,pre
ELAN,2019-11-06,pre
ATSG,2019-11-06,post
SLF,2019-11-06,post
ANSS,2019-11-06,post
HRTX,2019-11-06,NULL
GLOG,2019-11-06,pre
ELGX,2019-11-06,post
RP,2019-11-06,post
NRP,2019-11-06,pre
TTGT,2019-11-06,post
INFN,2019-11-06,post
NYT,2019-11-06,pre
FSCT,2019-11-06,post
VERI,2019-11-06,post
WMGI,2019-11-06,post
AERI,2019-11-06,post
PK,2019-11-06,post
CNHI,2019-11-06,pre
BGNE,2019-11-06,NULL
LAND,2019-11-06,post
AIMT,2019-11-06,post
TOELY,2019-11-06,NULL
ALPMY,2019-11-06,NULL
HOCPY,2019-11-06,NULL
ADRNY,2019-11-06,NULL
FLT,2019-11-06,post
RDSMY,2019-11-06,NULL
GIB,2019-11-06,pre
UNICY,2019-11-06,NULL
OMVJF,2019-11-06,NULL
LBTYA,2019-11-06,post
HOLX,2019-11-06,post
CIB,2019-11-06,post
EQH,2019-11-06,post
BKI,2019-11-06,pre
UHAL,2019-11-06,post
HLUYY,2019-11-06,NULL
MIDD,2019-11-06,pre
YAMHF,2019-11-06,NULL
CRL,2019-11-06,pre
SQNXF,2019-11-06,NULL
PRI,2019-11-06,post
CPRI,2019-11-06,pre
PFGC,2019-11-06,pre
ALE,2019-11-06,pre
VVV,2019-11-06,post
ORA,2019-11-06,post
SBGI,2019-11-06,pre
LAUR,2019-11-06,pre
DCP,2019-11-06,post
DAR,2019-11-06,post
QTWO,2019-11-06,post
PGRE,2019-11-06,post
SJI,2019-11-06,post
GMAB,2019-11-06,NULL
RAMP,2019-11-06,post
STAY,2019-11-06,post
NVRO,2019-11-06,post
NTRA,2019-11-06,post
LXP,2019-11-06,pre
GEL,2019-11-06,pre
XLRN,2019-11-06,pre
STN,2019-11-06,post
VG,2019-11-06,pre
GKOS,2019-11-06,post
NSIT,2019-11-06,pre
LVGO,2019-11-06,post
RARX,2019-11-06,NULL
NMIH,2019-11-06,post
EPRT,2019-11-06,post
WD,2019-11-06,pre
WK,2019-11-06,post
JELD,2019-11-06,pre
SAIL,2019-11-06,post
BLMN,2019-11-06,pre
RDFN,2019-11-06,post
TWNK,2019-11-06,post
ICFI,2019-11-06,post
AFIN,2019-11-06,post
DEA,2019-11-06,pre
GCP,2019-11-06,pre
CISN,2019-11-06,NULL
TOPCF,2019-11-06,NULL
PDCE,2019-11-06,post
OR,2019-11-06,post
CCO,2019-11-06,pre
BAND,2019-11-06,post
TALO,2019-11-06,post
DNOW,2019-11-06,pre
CHRS,2019-11-06,post
ORTX,2019-11-06,post
PLYA,2019-11-06,post
JRVR,2019-11-06,post
BCOR,2019-11-06,pre
PLUS,2019-11-06,post
MLAB,2019-11-06,NULL
ECPG,2019-11-06,post
CECO,2019-11-06,post
AMRX,2019-11-06,pre
BCSF,2019-11-06,post
ANIP,2019-11-06,pre
KELYA,2019-11-06,pre
OSW,2019-11-06,NULL
SRCI,2019-11-06,NULL
IRET,2019-11-06,post
CNR,2019-11-06,pre
TPC,2019-11-06,post
CARS,2019-11-06,pre
QUOT,2019-11-06,post
CIR,2019-11-06,pre
TPIC,2019-11-06,post
WLH,2019-11-06,pre
RCKT,2019-11-06,NULL
PROS,2019-11-06,post
WAAS,2019-11-06,pre
RESI,2019-11-06,pre
NESR,2019-11-06,pre
EFC,2019-11-06,post
DSSI,2019-11-06,NULL
CSTE,2019-11-06,pre
TCX,2019-11-06,post
VYGR,2019-11-06,pre
OSUR,2019-11-06,post
CLLS,2019-11-06,post
MTRX,2019-11-06,post
QTRX,2019-11-06,post
SPTN,2019-11-06,post
NEX,2019-11-06,post
RST,2019-11-06,post
BIOS,2019-11-06,pre
OMN,2019-11-06,NULL
COLL,2019-11-06,post
RUBI,2019-11-06,post
LMRK,2019-11-06,pre
GNK,2019-11-06,post
XBIT,2019-11-06,NULL
RRTS,2019-11-06,pre
PRPL,2019-11-06,pre
TMDX,2019-11-06,pre
MGNX,2019-11-06,post
GMRE,2019-11-06,post
AVDR,2019-11-06,NULL
CRCM,2019-11-06,pre
TGLS,2019-11-06,pre
VRCA,2019-11-06,NULL
PRQR,2019-11-06,NULL
REPH,2019-11-06,NULL
CBMG,2019-11-06,post
ARDX,2019-11-06,NULL
RM,2019-11-06,post
EGLE,2019-11-06,post
GNMK,2019-11-06,post
UBX,2019-11-06,post
TMST,2019-11-06,post
VNTR,2019-11-06,pre
IVC,2019-11-06,post
BRT,2019-11-06,post
IMMR,2019-11-06,post
CECE,2019-11-06,pre
SRT,2019-11-06,post
ALBO,2019-11-06,pre
XERS,2019-11-06,NULL
VNRX,2019-11-06,NULL
TREC,2019-11-06,post
CVIA,2019-11-06,pre
LJPC,2019-11-06,NULL
STKL,2019-11-06,pre
DHXM,2019-11-06,pre
FLNT,2019-11-06,NULL
CLXT,2019-11-06,post
FPRX,2019-11-06,post
AXGT,2019-11-06,NULL
PERI,2019-11-06,pre
LYTS,2019-11-06,pre
ALNA,2019-11-06,NULL
USWS,2019-11-06,post
REI,2019-11-06,post
GSL,2019-11-06,pre
PWFL,2019-11-06,post
SHSP,2019-11-06,NULL
TGB,2019-11-06,NULL
MCF,2019-11-06,NULL
SRTS,2019-11-06,post
LQDA,2019-11-06,NULL
EYES,2019-11-06,NULL
PFIE,2019-11-06,post
SQNS,2019-11-06,pre
MRSN,2019-11-06,pre
OESX,2019-11-06,pre
WRN,2019-11-06,NULL
ABUS,2019-11-06,pre
MVIS,2019-11-06,post
LPCN,2019-11-06,NULL
NEPH,2019-11-06,pre
QES,2019-11-06,post
NLNK,2019-11-06,pre
ASRT,2019-11-06,post
FNJN,2019-11-06,pre
CLSD,2019-11-06,post
LINC,2019-11-06,NULL
MTBC,2019-11-06,pre
XAIR,2019-11-06,post
QUIK,2019-11-06,post
ROYT,2019-11-06,NULL
TEUM,2019-11-06,NULL
SALM,2019-11-06,post
RCMT,2019-11-06,post
RKDA,2019-11-06,post
ZFGN,2019-11-06,NULL
FELP,2019-11-06,NULL
PMTS,2019-11-06,pre
ARPO,2019-11-06,NULL
SEEL,2019-11-06,NULL
AYTU,2019-11-06,NULL
VQSLF,2019-11-06,post
INUV,2019-11-06,NULL
BIOL,2019-11-06,post
OTIVF,2019-11-06,pre
ACHV,2019-11-06,pre
ACY,2019-11-06,NULL
EPEGQ,2019-11-06,NULL
OPGN,2019-11-06,post
HKRSQ,2019-11-06,NULL
ATEX,2019-11-06,post
DIS,2019-11-07,post
HEAR,2019-11-07,post
ATVI,2019-11-07,post
TTD,2019-11-07,post
WRK,2019-11-07,pre
TTWO,2019-11-07,post
TEVA,2019-11-07,pre
DNR,2019-11-07,pre
MEET,2019-11-07,pre
DBX,2019-11-07,post
LADR,2019-11-07,post
HIMX,2019-11-07,pre
AAXN,2019-11-07,post
NVAX,2019-11-07,post
UPLD,2019-11-07,post
MCFT,2019-11-07,pre
CAH,2019-11-07,pre
MED,2019-11-07,post
PLNT,2019-11-07,post
MT,2019-11-07,pre
GPRO,2019-11-07,post
BIP,2019-11-07,pre
MAIN,2019-11-07,post
BKNG,2019-11-07,post
CAPL,2019-11-07,post
TCP,2019-11-07,pre
PLYM,2019-11-07,pre
CRBP,2019-11-07,pre
KSHB,2019-11-07,post
STMP,2019-11-07,post
PLUG,2019-11-07,pre
ZTS,2019-11-07,pre
YELP,2019-11-07,post
HII,2019-11-07,pre
UNIT,2019-11-07,post
SNH,2019-11-07,pre
SSW,2019-11-07,pre
MITK,2019-11-07,post
SRPT,2019-11-07,post
APD,2019-11-07,pre
RL,2019-11-07,pre
GLP,2019-11-07,pre
CNP,2019-11-07,pre
WATT,2019-11-07,post
DISCA,2019-11-07,pre
CLVS,2019-11-07,pre
CATB,2019-11-07,pre
G,2019-11-07,post
ROSE,2019-11-07,post
MBUU,2019-11-07,pre
GTN,2019-11-07,pre
NRG,2019-11-07,pre
QNST,2019-11-07,post
PEN,2019-11-07,post
GDOT,2019-11-07,post
GFN,2019-11-07,pre
MNST,2019-11-07,post
KDP,2019-11-07,pre
AXSM,2019-11-07,pre
PGTI,2019-11-07,pre
AG,2019-11-07,pre
JCI,2019-11-07,pre
CORE,2019-11-07,pre
DISH,2019-11-07,pre
CNQ,2019-11-07,pre
AMC,2019-11-07,pre
ADNT,2019-11-07,pre
NVCN,2019-11-07,post
TIVO,2019-11-07,post
ZG,2019-11-07,post
SNDX,2019-11-07,post
AXAS,2019-11-07,post
ABC,2019-11-07,pre
CWH,2019-11-07,post
PCTI,2019-11-07,post
CAMT,2019-11-07,pre
HL,2019-11-07,pre
COLD,2019-11-07,post
GH,2019-11-07,post
TRGP,2019-11-07,pre
AL,2019-11-07,post
CORT,2019-11-07,post
DHX,2019-11-07,post
EYE,2019-11-07,pre
PCRX,2019-11-07,pre
NCLH,2019-11-07,pre
AQN,2019-11-07,post
NBL,2019-11-07,pre
MATX,2019-11-07,post
AY,2019-11-07,pre
SGMS,2019-11-07,post
LGF.A,2019-11-07,post
SOHO,2019-11-07,pre
OGE,2019-11-07,pre
ENLC,2019-11-07,post
PEIX,2019-11-07,post
SBH,2019-11-07,pre
AZUL,2019-11-07,pre
TGNA,2019-11-07,pre
BE,2019-11-07,post
CTRE,2019-11-07,post
TSG,2019-11-07,pre
SCM,2019-11-07,pre
WPRT,2019-11-07,post
GOGO,2019-11-07,pre
BCC,2019-11-07,pre
VSTO,2019-11-07,pre
KOP,2019-11-07,pre
SEAS,2019-11-07,pre
TU,2019-11-07,pre
SPPI,2019-11-07,post
GEN,2019-11-07,pre
ARNA,2019-11-07,post
ALTR,2019-11-07,post
AVID,2019-11-07,post
TRHC,2019-11-07,post
NHI,2019-11-07,pre
PETQ,2019-11-07,post
FSK,2019-11-07,post
PNW,2019-11-07,pre
EPAM,2019-11-07,pre
ZIOP,2019-11-07,post
XRAY,2019-11-07,pre
TWI,2019-11-07,pre
INVE,2019-11-07,post
ICL,2019-11-07,pre
CMCO,2019-11-07,pre
ACRS,2019-11-07,post
GSAT,2019-11-07,NULL
MMI,2019-11-07,post
MTW,2019-11-07,post
AMRS,2019-11-07,post
BRY,2019-11-07,pre
VIVO,2019-11-07,pre
EVC,2019-11-07,post
TDC,2019-11-07,post
TTI,2019-11-07,pre
SVMK,2019-11-07,post
CRK,2019-11-07,pre
CPST,2019-11-07,post
ENV,2019-11-07,post
WMMVY,2019-11-07,NULL
MTD,2019-11-07,post
BAP,2019-11-07,post
NLOK,2019-11-07,post
BCH,2019-11-07,NULL
COVTY,2019-11-07,NULL
OPHLF,2019-11-07,NULL
NWS,2019-11-07,post
NWSA,2019-11-07,post
AMH,2019-11-07,post
CABO,2019-11-07,post
NLSN,2019-11-07,pre
CDAY,2019-11-07,post
WBC,2019-11-07,NULL
INXN,2019-11-07,pre
PEGA,2019-11-07,post
TXG,2019-11-07,post
NET,2019-11-07,post
RBA,2019-11-07,post
VSAT,2019-11-07,post
TEO,2019-11-07,post
NOMD,2019-11-07,pre
SATS,2019-11-07,pre
NCR,2019-11-07,post
EAF,2019-11-07,pre
JJSF,2019-11-07,post
SWCH,2019-11-07,post
BBU,2019-11-07,pre
AVA,2019-11-07,pre
SUBCY,2019-11-07,NULL
THS,2019-11-07,pre
ESI,2019-11-07,pre
RLJ,2019-11-07,post
LPSN,2019-11-07,post
CCOI,2019-11-07,pre
STRA,2019-11-07,pre
WWW,2019-11-07,pre
HAIN,2019-11-07,pre
MIME,2019-11-07,post
EVOP,2019-11-07,pre
COMM,2019-11-07,pre
KTB,2019-11-07,pre
WMS,2019-11-07,pre
ARGO,2019-11-07,post
FSLY,2019-11-07,post
ZGNX,2019-11-07,post
WSC,2019-11-07,post
USPH,2019-11-07,pre
CLNC,2019-11-07,post
COT,2019-11-07,pre
STNG,2019-11-07,pre
TAC,2019-11-07,pre
FOCS,2019-11-07,pre
JAG,2019-11-07,post
PRAA,2019-11-07,post
SYNA,2019-11-07,post
EB,2019-11-07,post
CPK,2019-11-07,pre
RVLV,2019-11-07,post
TROX,2019-11-07,post
SEMG,2019-11-07,post
BOLD,2019-11-07,post
MSGN,2019-11-07,pre
BFS,2019-11-07,NULL
SCPL,2019-11-07,post
PRFT,2019-11-07,pre
VRTU,2019-11-07,post
DRNA,2019-11-07,post
TGI,2019-11-07,pre
BEDU,2019-11-07,post
RLGY,2019-11-07,pre
MNRL,2019-11-07,post
NVMI,2019-11-07,pre
SWAV,2019-11-07,post
SCU,2019-11-07,pre
NBLX,2019-11-07,pre
IHRT,2019-11-07,pre
NVEE,2019-11-07,post
FOR,2019-11-07,post
AMPH,2019-11-07,post
ATNX,2019-11-07,pre
AXDX,2019-11-07,post
HNGR,2019-11-07,post
GSBD,2019-11-07,post
ONTO,2019-11-07,post
DESP,2019-11-07,pre
PACB,2019-11-07,NULL
BVNRY,2019-11-07,pre
INSW,2019-11-07,pre
BBAR,2019-11-07,post
UEIC,2019-11-07,post
SVM,2019-11-07,post
FLXN,2019-11-07,post
ATRA,2019-11-07,pre
IPHS,2019-11-07,NULL
CEVA,2019-11-07,pre
UMH,2019-11-07,post
MOD,2019-11-07,post
KIDS,2019-11-07,post
FLMN,2019-11-07,post
FC,2019-11-07,post
PRTY,2019-11-07,pre
CYRX,2019-11-07,post
AUTL,2019-11-07,pre
GRBK,2019-11-07,post
ADVM,2019-11-07,post
CUTR,2019-11-07,post
AGS,2019-11-07,post
GDEN,2019-11-07,post
PAR,2019-11-07,post
LXRX,2019-11-07,pre
CHUY,2019-11-07,post
PVAC,2019-11-07,post
SRLP,2019-11-07,pre
TRUE,2019-11-07,post
KRP,2019-11-07,pre
TAST,2019-11-07,pre
NNBR,2019-11-07,post
TPCO,2019-11-07,post
SIEN,2019-11-07,post
SFST,2019-11-07,NULL
XOG,2019-11-07,post
PFNX,2019-11-07,post
PLSE,2019-11-07,post
HALL,2019-11-07,post
ESTE,2019-11-07,pre
WHF,2019-11-07,pre
CTMX,2019-11-07,post
INWK,2019-11-07,post
DNN,2019-11-07,post
JYNT,2019-11-07,post
ECOM,2019-11-07,pre
RMNI,2019-11-07,post
CBB,2019-11-07,pre
GLYC,2019-11-07,pre
GWRS,2019-11-07,pre
ARLO,2019-11-07,post
EYPT,2019-11-07,pre
NDLS,2019-11-07,post
SFE,2019-11-07,pre
TNAV,2019-11-07,post
EVFM,2019-11-07,pre
FARM,2019-11-07,post
SYRS,2019-11-07,NULL
CMBM,2019-11-07,post
CRHM,2019-11-07,post
CELH,2019-11-07,pre
GPX,2019-11-07,pre
AKG,2019-11-07,pre
MR,2019-11-07,post
CLFD,2019-11-07,post
NGS,2019-11-07,pre
UEPS,2019-11-07,post
LCUT,2019-11-07,pre
RLH,2019-11-07,post
ALDX,2019-11-07,pre
ARCT,2019-11-07,post
CELC,2019-11-07,post
XFOR,2019-11-07,pre
CNCE,2019-11-07,pre
PANL,2019-11-07,post
RDCM,2019-11-07,pre
SBBP,2019-11-07,pre
CSU,2019-11-07,pre
KALA,2019-11-07,pre
JNCE,2019-11-07,pre
GDP,2019-11-07,pre
ADMS,2019-11-07,post
AGFS,2019-11-07,post
XONE,2019-11-07,post
MNTX,2019-11-07,post
AIRG,2019-11-07,post
NNA,2019-11-07,pre
TUSK,2019-11-07,post
CEMI,2019-11-07,post
IDN,2019-11-07,post
LIVX,2019-11-07,pre
STKS,2019-11-07,post
MOGO,2019-11-07,post
NH,2019-11-07,post
CBIO,2019-11-07,NULL
ENT,2019-11-07,post
IGXT,2019-11-07,post
SBPH,2019-11-07,NULL
NLS,2019-11-07,post
AP,2019-11-07,pre
SVRA,2019-11-07,post
ASM,2019-11-07,post
WTRH,2019-11-07,post
CTHR,2019-11-07,post
OSS,2019-11-07,post
PLX,2019-11-07,pre
LKSD,2019-11-07,pre
AUTO,2019-11-07,post
ARTH,2019-11-07,NULL
JAKK,2019-11-07,pre
IRIX,2019-11-07,post
UFAB,2019-11-07,pre
MGEN,2019-11-07,post
LLEX,2019-11-07,NULL
LPTH,2019-11-07,post
ALRN,2019-11-07,pre
BNGO,2019-11-07,post
EMAN,2019-11-07,pre
CAPR,2019-11-07,post
GNMX,2019-11-07,NULL
KEG,2019-11-07,post
VIVE,2019-11-07,post
ENB,2019-11-08,pre
INTT,2019-11-08,pre
DUK,2019-11-08,pre
GNL,2019-11-08,pre
UNT,2019-11-08,pre
AEE,2019-11-08,pre
STWD,2019-11-08,pre
HMC,2019-11-08,pre
SMLP,2019-11-08,pre
EPAY,2019-11-08,pre
BSTC,2019-11-08,NULL
AVEO,2019-11-08,NULL
FLY,2019-11-08,pre
ATNM,2019-11-08,NULL
MGA,2019-11-08,pre
YPF,2019-11-08,NULL
TGTX,2019-11-08,NULL
PVL,2019-11-08,NULL
USCR,2019-11-08,pre
ESNT,2019-11-08,pre
ACRE,2019-11-08,pre
CLNY,2019-11-08,pre
OBLN,2019-11-08,pre
GTX,2019-11-08,pre
NTEC,2019-11-08,NULL
SDPI,2019-11-08,pre
CLMT,2019-11-08,NULL
SRNE,2019-11-08,NULL
ABEO,2019-11-08,NULL
SSP,2019-11-08,pre
EIGR,2019-11-08,NULL
REV,2019-11-08,NULL
MSG,2019-11-08,pre
ZEUS,2019-11-08,pre
ERF,2019-11-08,pre
OFS,2019-11-08,pre
DSDVY,2019-11-08,NULL
AER,2019-11-08,pre
UI,2019-11-08,NULL
BRFS,2019-11-08,pre
SVC,2019-11-08,pre
ELP,2019-11-08,NULL
DRH,2019-11-08,pre
NEXT,2019-11-08,NULL
YORW,2019-11-08,NULL
ETM,2019-11-08,pre
KDMN,2019-11-08,NULL
GNLN,2019-11-08,pre
AKTS,2019-11-08,NULL
GNE,2019-11-08,pre
IMV,2019-11-08,pre
VBIV,2019-11-08,NULL
UTSI,2019-11-08,pre
FBIO,2019-11-08,NULL
CKPT,2019-11-08,NULL
SELB,2019-11-08,pre
BTAI,2019-11-08,NULL
CAAS,2019-11-08,NULL
RMBL,2019-11-08,NULL
TRCH,2019-11-08,NULL
PFMT,2019-11-08,NULL
HCAP,2019-11-08,pre
VTNR,2019-11-08,pre
PLXP,2019-11-08,pre
ADMP,2019-11-08,NULL
LPTX,2019-11-08,NULL
ACER,2019-11-08,NULL
AZRX,2019-11-08,NULL
SNGX,2019-11-08,NULL
MYOS,2019-11-08,pre
CYTR,2019-11-08,NULL
TNXP,2019-11-08,NULL
ACB,2019-11-11,NULL
KEM,2019-11-11,pre
DXC,2019-11-11,post
CTEK,2019-11-11,pre
IFNNY,2019-11-11,NULL
FNV,2019-11-11,post
UGI,2019-11-11,post
FOE,2019-11-11,post
ASUR,2019-11-11,post
APYX,2019-11-11,post
CGEN,2019-11-11,pre
TME,2019-11-11,post
FGEN,2019-11-11,post
NEPT,2019-11-11,pre
HBM,2019-11-11,post
FOLD,2019-11-11,pre
LBRDK,2019-11-11,post
FWONK,2019-11-11,pre
LSXMK,2019-11-11,pre
GLIBA,2019-11-11,post
QRTEA,2019-11-11,pre
ICUI,2019-11-11,post
NFE,2019-11-11,post
GO,2019-11-11,post
ALEC,2019-11-11,NULL
BATRK,2019-11-11,pre
PAM,2019-11-11,NULL
QTT,2019-11-11,NULL
NGM,2019-11-11,NULL
TDW,2019-11-11,post
AKRO,2019-11-11,NULL
NXTC,2019-11-11,NULL
IMXI,2019-11-11,post
CEPU,2019-11-11,post
URGN,2019-11-11,NULL
SIBN,2019-11-11,post
VFF,2019-11-11,NULL
CSTL,2019-11-11,post
OBSV,2019-11-11,pre
APLT,2019-11-11,NULL
ROAN,2019-11-11,NULL
FOMX,2019-11-11,post
KMDA,2019-11-11,NULL
CMLS,2019-11-11,post
NINE,2019-11-11,pre
PIRS,2019-11-11,pre
GRWG,2019-11-11,pre
MTNB,2019-11-11,NULL
CDOR,2019-11-11,NULL
RMTI,2019-11-11,post
CPKF,2019-11-11,NULL
AXLA,2019-11-11,NULL
IDYA,2019-11-11,NULL
CELP,2019-11-11,NULL
MLND,2019-11-11,NULL
KINS,2019-11-11,post
PSTL,2019-11-11,pre
LONE,2019-11-11,post
PFSW,2019-11-11,pre
SMTX,2019-11-11,post
CRAWA,2019-11-11,NULL
NTGN,2019-11-11,NULL
TRVI,2019-11-11,NULL
INMB,2019-11-11,NULL
CRR,2019-11-11,pre
UMRX,2019-11-11,NULL
PRCP,2019-11-11,post
MORF,2019-11-11,NULL
CNFR,2019-11-11,post
ONCY,2019-11-11,NULL
SNES,2019-11-11,NULL
TMDI,2019-11-11,NULL
CYCC,2019-11-11,NULL
CRON,2019-11-12,pre
TLRY,2019-11-12,post
CSIQ,2019-11-12,post
SWKS,2019-11-12,post
NOG,2019-11-12,pre
YY,2019-11-12,post
EDIT,2019-11-12,pre
AAP,2019-11-12,pre
AZRE,2019-11-12,NULL
TRXC,2019-11-12,post
TSN,2019-11-12,pre
DHI,2019-11-12,pre
DQ,2019-11-12,pre
ROK,2019-11-12,pre
HIIQ,2019-11-12,post
RUN,2019-11-12,post
CBS,2019-11-12,pre
HUYA,2019-11-12,post
VLRX,2019-11-12,post
CPRX,2019-11-12,post
INO,2019-11-12,post
BLFS,2019-11-12,post
DF,2019-11-12,pre
LIN,2019-11-12,pre
SNSS,2019-11-12,post
TWOU,2019-11-12,post
AEIS,2019-11-12,pre
OGEN,2019-11-12,NULL
SAGE,2019-11-12,pre
ACM,2019-11-12,pre
CLNE,2019-11-12,pre
MTSI,2019-11-12,post
CPIX,2019-11-12,NULL
GALT,2019-11-12,NULL
IIVI,2019-11-12,pre
CARB,2019-11-12,post
PTN,2019-11-12,NULL
ADT,2019-11-12,post
XON,2019-11-12,pre
SCON,2019-11-12,pre
BDSI,2019-11-12,post
GEVO,2019-11-12,post
SSTI,2019-11-12,post
HTHT,2019-11-12,post
ADRO,2019-11-12,NULL
SENS,2019-11-12,post
MAG,2019-11-12,NULL
GARS,2019-11-12,post
OCUL,2019-11-12,pre
ADES,2019-11-12,post
CWCO,2019-11-12,pre
TVTY,2019-11-12,post
ALT,2019-11-12,NULL
GTT,2019-11-12,pre
ERJ,2019-11-12,pre
SE,2019-11-12,pre
DDOG,2019-11-12,post
DOX,2019-11-12,post
GWR,2019-11-12,NULL
RETA,2019-11-12,pre
IAA,2019-11-12,pre
SDC,2019-11-12,post
ADPT,2019-11-12,post
PSN,2019-11-12,pre
KWR,2019-11-12,post
HALO,2019-11-12,post
CNNE,2019-11-12,pre
EPC,2019-11-12,pre
BPMP,2019-11-12,pre
NBRV,2019-11-12,post
VREX,2019-11-12,post
HCAT,2019-11-12,post
MCRN,2019-11-12,post
CVET,2019-11-12,pre
CBPX,2019-11-12,post
ODT,2019-11-12,NULL
YMAB,2019-11-12,NULL
CDLX,2019-11-12,post
EGRX,2019-11-12,pre
SCSC,2019-11-12,post
RDNT,2019-11-12,pre
RUBY,2019-11-12,NULL
ORGO,2019-11-12,post
EXPI,2019-11-12,NULL
TH,2019-11-12,post
FIXX,2019-11-12,NULL
SLDB,2019-11-12,NULL
MIST,2019-11-12,NULL
JMIA,2019-11-12,pre
AKBA,2019-11-12,pre
CRNX,2019-11-12,NULL
DPLO,2019-11-12,pre
OPRT,2019-11-12,post
ESTA,2019-11-12,pre
OPTN,2019-11-12,post
LEGH,2019-11-12,NULL
ACIU,2019-11-12,NULL
APEI,2019-11-12,post
AVRO,2019-11-12,NULL
KIN,2019-11-12,post
DTIL,2019-11-12,post
BCEL,2019-11-12,NULL
BYSI,2019-11-12,NULL
MTEM,2019-11-12,NULL
FTSV,2019-11-12,NULL
VRAY,2019-11-12,post
LAC,2019-11-12,NULL
GSV,2019-11-12,NULL
FCUV,2019-11-12,NULL
DSKE,2019-11-12,pre
XGN,2019-11-12,post
CUE,2019-11-12,NULL
AFMD,2019-11-12,pre
CLPR,2019-11-12,post
MRKR,2019-11-12,NULL
CALA,2019-11-12,post
CDXC,2019-11-12,post
HOOK,2019-11-12,post
DYAI,2019-11-12,NULL
DZSI,2019-11-12,post
RDHL,2019-11-12,NULL
CERC,2019-11-12,NULL
SLGL,2019-11-12,NULL
BREW,2019-11-12,post
MBII,2019-11-12,post
TTOO,2019-11-12,pre
CYDY,2019-11-12,NULL
APTX,2019-11-12,NULL
MBIO,2019-11-12,NULL
NTIC,2019-11-12,NULL
SCPH,2019-11-12,NULL
HZN,2019-11-12,pre
FENC,2019-11-12,NULL
PRTK,2019-11-12,post
OCX,2019-11-12,NULL
AQMS,2019-11-12,post
ICMB,2019-11-12,post
GECC,2019-11-12,NULL
MDWD,2019-11-12,NULL
SSKN,2019-11-12,NULL
PTE,2019-11-12,post
SCYX,2019-11-12,NULL
SYBX,2019-11-12,NULL
VCNX,2019-11-12,NULL
INAP,2019-11-12,pre
TGEN,2019-11-12,NULL
NTWK,2019-11-12,pre
OPNT,2019-11-12,post
IEA,2019-11-12,pre
CHRA,2019-11-12,NULL
ELMD,2019-11-12,post
HTGM,2019-11-12,post
MBRX,2019-11-12,NULL
CHAP,2019-11-12,pre
ARDS,2019-11-12,NULL
BVXV,2019-11-12,NULL
ZOM,2019-11-12,NULL
QRHC,2019-11-12,NULL
HSDT,2019-11-12,pre
DMAC,2019-11-12,NULL
MARK,2019-11-12,post
POLA,2019-11-12,post
INNT,2019-11-12,NULL
FCSC,2019-11-12,NULL
IDXG,2019-11-12,NULL
VTSI,2019-11-12,post
ISR,2019-11-12,post
EVOK,2019-11-12,NULL
RMED,2019-11-12,NULL
MDRR,2019-11-12,NULL
BOXL,2019-11-12,post
SPHS,2019-11-12,NULL
VKIN,2019-11-12,NULL
EYEG,2019-11-12,NULL
DARE,2019-11-12,NULL
CLRB,2019-11-12,NULL
NTRP,2019-11-12,NULL
BURG,2019-11-12,NULL
STAF,2019-11-12,NULL
DYNT,2019-11-12,NULL
ONTX,2019-11-12,NULL
DMPI,2019-11-12,NULL
CGC,2019-11-13,NULL
CSCO,2019-11-13,post
TCEHY,2019-11-13,NULL
NTAP,2019-11-13,post
GOOS,2019-11-13,NULL
NBEV,2019-11-13,NULL
AEYE,2019-11-13,post
VIPS,2019-11-13,NULL
SSYS,2019-11-13,pre
NTES,2019-11-13,NULL
MTOR,2019-11-13,pre
CRMD,2019-11-13,NULL
TTNP,2019-11-13,NULL
SA,2019-11-13,NULL
TSEM,2019-11-13,pre
MBOT,2019-11-13,NULL
ARCO,2019-11-13,pre
TNK,2019-11-13,post
SPB,2019-11-13,pre
GLAD,2019-11-13,post
WTER,2019-11-13,pre
BZH,2019-11-13,post
TTEK,2019-11-13,post
PXS,2019-11-13,NULL
CPA,2019-11-13,post
PRSP,2019-11-13,post
CAE,2019-11-13,pre
TCOM,2019-11-13,post
WUBA,2019-11-13,NULL
SMICY,2019-11-13,pre
LK,2019-11-13,pre
CBPO,2019-11-13,post
LPL,2019-11-13,NULL
ENR,2019-11-13,pre
BEST,2019-11-13,pre
HI,2019-11-13,post
CHNG,2019-11-13,post
PING,2019-11-13,post
TGP,2019-11-13,post
QIWI,2019-11-13,NULL
ONE,2019-11-13,pre
GFF,2019-11-13,NULL
STOK,2019-11-13,NULL
FVRR,2019-11-13,pre
NVGS,2019-11-13,post
SLP,2019-11-13,NULL
CYD,2019-11-13,pre
AMEH,2019-11-13,NULL
REPL,2019-11-13,NULL
SILV,2019-11-13,NULL
MMX,2019-11-13,NULL
AVH,2019-11-13,NULL
BLU,2019-11-13,NULL
PRVL,2019-11-13,NULL
PSNL,2019-11-13,post
CTK,2019-11-13,NULL
CASI,2019-11-13,NULL
EZPW,2019-11-13,NULL
PVT,2019-11-13,NULL
SRRK,2019-11-13,NULL
GRTS,2019-11-13,NULL
CATS,2019-11-13,NULL
ATTO,2019-11-13,post
STRO,2019-11-13,NULL
MITO,2019-11-13,NULL
SMTS,2019-11-13,post
PRTH,2019-11-13,post
CTST,2019-11-13,NULL
ALYA,2019-11-13,pre
EDAP,2019-11-13,post
HROW,2019-11-13,post
CYRN,2019-11-13,pre
NBSE,2019-11-13,NULL
SANW,2019-11-13,pre
ETTX,2019-11-13,NULL
SORL,2019-11-13,NULL
ALPN,2019-11-13,post
BLNK,2019-11-13,NULL
HOTH,2019-11-13,NULL
EYEN,2019-11-13,post
CSSE,2019-11-13,NULL
EAST,2019-11-13,NULL
ITRM,2019-11-13,NULL
USIO,2019-11-13,NULL
BRFH,2019-11-13,NULL
CLSN,2019-11-13,NULL
FSI,2019-11-13,NULL
XELB,2019-11-13,NULL
SLGG,2019-11-13,post
APVO,2019-11-13,NULL
ALPE,2019-11-13,NULL
REED,2019-11-13,post
FTEK,2019-11-13,post
MNI,2019-11-13,pre
MATN,2019-11-13,NULL
NETE,2019-11-13,NULL
QMCI,2019-11-13,NULL
CODX,2019-11-13,NULL
NAOV,2019-11-13,NULL
THMO,2019-11-13,NULL
DSS,2019-11-13,NULL
SPCB,2019-11-13,NULL
TENX,2019-11-13,NULL
TRIL,2019-11-13,NULL
PHIO,2019-11-13,NULL
EFOI,2019-11-13,pre
INNV,2019-11-13,NULL
DFFN,2019-11-13,NULL
INLX,2019-11-13,NULL
NVDA,2019-11-14,post
WMT,2019-11-14,pre
AMAT,2019-11-14,post
WB,2019-11-14,pre
WIX,2019-11-14,pre
NICE,2019-11-14,pre
VIAB,2019-11-14,pre
WPM,2019-11-14,post
OSTK,2019-11-14,NULL
HP,2019-11-14,post
ZYNE,2019-11-14,NULL
SPH,2019-11-14,pre
RWLK,2019-11-14,NULL
SINA,2019-11-14,pre
ONVO,2019-11-14,NULL
NGL,2019-11-14,NULL
TERP,2019-11-14,NULL
IGT,2019-11-14,pre
NINOY,2019-11-14,NULL
OLP,2019-11-14,NULL
AUPH,2019-11-14,NULL
CBM,2019-11-14,NULL
SESN,2019-11-14,NULL
SID,2019-11-14,NULL
PGNX,2019-11-14,NULL
OMER,2019-11-14,NULL
KLIC,2019-11-14,post
MGIC,2019-11-14,pre
FSM,2019-11-14,NULL
SSDOY,2019-11-14,NULL
NSANY,2019-11-14,NULL
SBS,2019-11-14,NULL
AACAY,2019-11-14,NULL
DLB,2019-11-14,post
BAK,2019-11-14,post
GDS,2019-11-14,pre
ALLK,2019-11-14,NULL
FTCH,2019-11-14,post
TCDA,2019-11-14,NULL
DNLI,2019-11-14,NULL
GOSS,2019-11-14,NULL
OPRA,2019-11-14,pre
ZEAL,2019-11-14,pre
ANAB,2019-11-14,NULL
TRWH,2019-11-14,post
DOVA,2019-11-14,NULL
TUFN,2019-11-14,pre
MYOV,2019-11-14,NULL
MGTX,2019-11-14,NULL
TBIO,2019-11-14,NULL
STML,2019-11-14,NULL
CTRA,2019-11-14,pre
MGTA,2019-11-14,NULL
REDU,2019-11-14,post
ASMB,2019-11-14,NULL
RPAY,2019-11-14,post
DGII,2019-11-14,post
KRTX,2019-11-14,NULL
CNST,2019-11-14,NULL
TCRR,2019-11-14,NULL
CDZI,2019-11-14,NULL
ADMA,2019-11-14,NULL
RLGT,2019-11-14,NULL
DS,2019-11-14,NULL
AGLE,2019-11-14,NULL
AXU,2019-11-14,post
OSMT,2019-11-14,NULL
LIQT,2019-11-14,pre
AUG,2019-11-14,NULL
MEIP,2019-11-14,NULL
LCTX,2019-11-14,NULL
OVID,2019-11-14,NULL
JRSH,2019-11-14,NULL
CRWS,2019-11-14,NULL
CDTX,2019-11-14,NULL
KZR,2019-11-14,NULL
AGTC,2019-11-14,NULL
MOTS,2019-11-14,pre
PSTI,2019-11-14,NULL
VBLT,2019-11-14,pre
ARMP,2019-11-14,NULL
VJET,2019-11-14,post
BCDA,2019-11-14,NULL
WYY,2019-11-14,post
CFRX,2019-11-14,NULL
BLRX,2019-11-14,NULL
KMPH,2019-11-14,NULL
TOCA,2019-11-14,NULL
RGLS,2019-11-14,NULL
TTPH,2019-11-14,NULL
GOVX,2019-11-14,NULL
JD,2019-11-15,pre
JCP,2019-11-15,pre
FRO,2019-11-15,NULL
KOD,2019-11-15,NULL
FUV,2019-11-15,NULL
IMAC,2019-11-15,NULL
CCMP,2019-11-17,post
BILI,2019-11-18,post
CRMT,2019-11-18,post
ASH,2019-11-18,post
SOLO,2019-11-18,NULL
JACK,2019-11-18,NULL
ZTO,2019-11-18,post
WWD,2019-11-18,post
ASND,2019-11-18,post
NUAN,2019-11-18,NULL
KRNT,2019-11-18,post
GWGH,2019-11-18,NULL
SOL,2019-11-18,NULL
RIOT,2019-11-18,NULL
JAGX,2019-11-18,NULL
LMB,2019-11-18,NULL
AIRI,2019-11-18,NULL
HD,2019-11-19,pre
TJX,2019-11-19,pre
MDT,2019-11-19,pre
KSS,2019-11-19,pre
FL,2019-11-19,NULL
URBN,2019-11-19,post
KEYS,2019-11-19,NULL
HRL,2019-11-19,NULL
CPB,2019-11-19,NULL
MMS,2019-11-19,pre
SFL,2019-11-19,NULL
JKS,2019-11-19,pre
BJ,2019-11-19,NULL
TDG,2019-11-19,pre
CPRT,2019-11-19,NULL
PAGS,2019-11-19,post
VNET,2019-11-19,NULL
DY,2019-11-19,NULL
SBLK,2019-11-19,NULL
ARMK,2019-11-19,pre
NJR,2019-11-19,pre
DAVA,2019-11-19,pre
CAL,2019-11-19,NULL
DL,2019-11-19,post
SNWV,2019-11-19,NULL
GNPX,2019-11-19,NULL
TGT,2019-11-20,pre
LOW,2019-11-20,pre
LB,2019-11-20,post
SQM,2019-11-20,post
SONO,2019-11-20,post
PDD,2019-11-20,pre
ALOT,2019-11-20,NULL
PFLT,2019-11-20,post
LTM,2019-11-20,NULL
SR,2019-11-20,pre
FANH,2019-11-20,post
LZB,2019-11-20,post
OCSL,2019-11-20,pre
OCSI,2019-11-20,pre
IFRX,2019-11-20,NULL
M,2019-11-21,pre
SPLK,2019-11-21,post
JWN,2019-11-21,post
SCVL,2019-11-21,NULL
ROST,2019-11-21,post
MANU,2019-11-21,NULL
INTU,2019-11-21,post
PSTG,2019-11-21,post
WSM,2019-11-21,NULL
GPS,2019-11-21,post
STNE,2019-11-21,post
DDS,2019-11-21,NULL
DLNG,2019-11-21,NULL
GLOB,2019-11-21,NULL
BERY,2019-11-21,pre
BKHYY,2019-11-21,NULL
AVAL,2019-11-21,NULL
POST,2019-11-21,post
BRC,2019-11-21,pre
CUB,2019-11-21,NULL
BV,2019-11-21,pre
MATW,2019-11-21,NULL
WAIR,2019-11-21,NULL
AGRO,2019-11-21,NULL
MESO,2019-11-21,NULL
HAYN,2019-11-21,NULL
PNNT,2019-11-21,post
SUPV,2019-11-21,NULL
RGCO,2019-11-21,NULL
DLA,2019-11-21,post
EQ,2019-11-21,NULL
SLNO,2019-11-21,NULL
BPTH,2019-11-21,NULL
EDRY,2019-11-21,NULL
HTBX,2019-11-21,NULL
ESEA,2019-11-21,NULL
SJM,2019-11-22,pre
BKE,2019-11-22,pre
RMR,2019-11-22,pre
GASS,2019-11-22,NULL
PANW,2019-11-25,post
A,2019-11-25,post
JEC,2019-11-25,pre
AMBA,2019-11-25,post
NAT,2019-11-25,pre
GSM,2019-11-25,NULL
BECN,2019-11-25,post
ITRN,2019-11-25,pre
MNR,2019-11-25,post
ENTA,2019-11-25,NULL
GBDC,2019-11-25,post
CAAP,2019-11-25,NULL
VIOT,2019-11-25,NULL
OGI,2019-11-25,pre
FULC,2019-11-25,NULL
VEEV,2019-11-26,post
BBY,2019-11-26,pre
ANF,2019-11-26,pre
DELL,2019-11-26,post
DKS,2019-11-26,pre
NTNX,2019-11-26,NULL
ADSK,2019-11-26,post
BNS,2019-11-26,pre
ADI,2019-11-26,pre
CBRL,2019-11-26,NULL
GMLP,2019-11-26,pre
BMA,2019-11-26,NULL
GLNG,2019-11-26,pre
CENT,2019-11-26,NULL
EV,2019-11-26,NULL
CENTA,2019-11-26,NULL
QADA,2019-11-26,post
HIBB,2019-11-26,NULL
OOMA,2019-11-26,NULL
NCNA,2019-11-26,NULL
DE,2019-11-27,pre
BURL,2019-11-27,NULL
TIF,2019-11-27,NULL
BOX,2019-11-27,NULL
RY,2019-11-27,NULL
GES,2019-11-27,NULL
CHS,2019-11-27,NULL
SMTC,2019-11-27,NULL
BITA,2019-11-27,NULL
JILL,2019-11-27,NULL
PLAN,2019-11-27,NULL
ESTC,2019-11-27,NULL
GGAL,2019-11-27,NULL
SPWH,2019-11-27,NULL
ICLK,2019-11-27,NULL
MIRM,2019-11-27,NULL
POETF,2019-11-27,NULL
IEC,2019-11-27,NULL
ORMP,2019-11-27,NULL
PIXY,2019-11-27,NULL
YJ,2019-11-28,NULL
DOOO,2019-11-29,NULL
AFYA,2019-11-29,NULL
TNP,2019-11-29,NULL
CANF,2019-11-29,NULL
RH,2019-12-02,NULL
COUP,2019-12-02,NULL
SMAR,2019-12-02,NULL
DSX,2019-12-02,pre
LOGC,2019-12-02,NULL
HX,2019-12-02,NULL
CRM,2019-12-03,post
MRVL,2019-12-03,NULL
DG,2019-12-03,NULL
BMO,2019-12-03,pre
AZO,2019-12-03,NULL
HPE,2019-12-03,NULL
MDB,2019-12-03,NULL
OLLI,2019-12-03,NULL
HQY,2019-12-03,NULL
ZS,2019-12-03,NULL
CONN,2019-12-03,NULL
TOL,2019-12-03,NULL
MOV,2019-12-03,NULL
GMS,2019-12-03,NULL
HDS,2019-12-03,NULL
GWRE,2019-12-03,NULL
DCI,2019-12-03,pre
AVYA,2019-12-03,NULL
MCC,2019-12-03,NULL
EMKR,2019-12-03,NULL
CLDR,2019-12-04,NULL
MOMO,2019-12-04,NULL
FIVE,2019-12-04,NULL
TLYS,2019-12-04,post
SNPS,2019-12-04,NULL
BF.B,2019-12-04,NULL
WORK,2019-12-04,NULL
DSGX,2019-12-04,post
JW.A,2019-12-04,pre
GEF,2019-12-04,NULL
KLXE,2019-12-04,NULL
HDSN,2019-12-04,NULL
LULU,2019-12-05,NULL
AVGO,2019-12-05,NULL
OKTA,2019-12-05,post
AVAV,2019-12-05,NULL
ULTA,2019-12-05,post
WDAY,2019-12-05,NULL
DLTR,2019-12-05,NULL
KR,2019-12-05,NULL
VMW,2019-12-05,NULL
TITN,2019-12-05,NULL
HPQ,2019-12-05,NULL
TECD,2019-12-05,NULL
THO,2019-12-05,NULL
TD,2019-12-05,pre
GME,2019-12-05,NULL
ZUO,2019-12-05,NULL
PLCE,2019-12-05,NULL
SIG,2019-12-05,NULL
CMTL,2019-12-05,NULL
PVH,2019-12-05,NULL
DOCU,2019-12-05,NULL
GIII,2019-12-05,NULL
EXPR,2019-12-05,NULL
HOME,2019-12-05,NULL
SCWX,2019-12-05,NULL
VRNT,2019-12-05,NULL
AOBC,2019-12-05,NULL
CM,2019-12-05,NULL
DOMO,2019-12-05,NULL
ASYS,2019-12-05,NULL
MIK,2019-12-05,NULL
SAIC,2019-12-05,NULL
KFY,2019-12-05,NULL
HRB,2019-12-05,NULL
YEXT,2019-12-05,NULL
DLTH,2019-12-05,NULL
ZUMZ,2019-12-05,NULL
HMLP,2019-12-05,NULL
FIZZ,2019-12-05,NULL
MEI,2019-12-05,NULL
PDCO,2019-12-05,NULL
AMWD,2019-12-05,NULL
COO,2019-12-05,post
GCO,2019-12-05,NULL
ZM,2019-12-05,post
TTC,2019-12-05,NULL
CMD,2019-12-05,NULL
BLBD,2019-12-05,NULL
AMSWA,2019-12-05,NULL
LQDT,2019-12-05,NULL
CULP,2019-12-05,NULL
PHAS,2019-12-05,NULL
BBW,2019-12-05,NULL
KIRK,2019-12-05,NULL
CLGN,2019-12-05,NULL
BPMX,2019-12-05,NULL
BIG,2019-12-06,NULL
MTN,2019-12-06,NULL
JOUT,2019-12-06,NULL
CASY,2019-12-09,NULL
ROAD,2019-12-09,NULL
NX,2019-12-09,NULL
CDMO,2019-12-09,NULL
INSE,2019-12-09,NULL
ASPU,2019-12-09,NULL
SEAC,2019-12-09,NULL
AEO,2019-12-10,NULL
PLAY,2019-12-10,NULL
PVTL,2019-12-10,NULL
ARWR,2019-12-10,NULL
DBI,2019-12-10,NULL
AXNX,2019-12-10,NULL
PHX,2019-12-10,NULL
EMMA,2019-12-10,NULL
MMMB,2019-12-10,NULL
CTXR,2019-12-10,NULL
TLRD,2019-12-11,post
PLAB,2019-12-11,NULL
NDSN,2019-12-11,NULL
OXM,2019-12-11,NULL
VRA,2019-12-11,pre
AVXL,2019-12-11,NULL
DLHC,2019-12-11,post
ADBE,2019-12-12,NULL
CIEN,2019-12-12,NULL
VERU,2019-12-12,NULL
GNSS,2019-12-12,NULL
EPIX,2019-12-12,NULL
ONCS,2019-12-13,NULL
UBA,2019-12-13,NULL
KALV,2019-12-13,NULL
VIRC,2019-12-13,NULL
ORCL,2019-12-16,NULL
CSBR,2019-12-16,NULL
HEI,2019-12-16,NULL
LAKE,2019-12-16,NULL
CVALF,2019-12-16,NULL
MU,2019-12-17,NULL
FDX,2019-12-17,post
SCS,2019-12-17,NULL
DRI,2019-12-17,NULL
JBL,2019-12-17,NULL
NAV,2019-12-17,NULL
ABM,2019-12-17,NULL
FDS,2019-12-17,NULL
CHWY,2019-12-17,NULL
WOR,2019-12-17,NULL
AIR,2019-12-17,NULL
LOVE,2019-12-17,NULL
OTLK,2019-12-17,NULL
GIS,2019-12-18,NULL
RAD,2019-12-18,NULL
MLHR,2019-12-18,NULL
REVG,2019-12-18,NULL
TWST,2019-12-18,NULL
NKE,2019-12-19,NULL
BB,2019-12-19,NULL
ACN,2019-12-19,NULL
CAG,2019-12-19,NULL
CCL,2019-12-19,NULL
CTAS,2019-12-19,NULL
NEOG,2019-12-19,NULL
SAFM,2019-12-19,NULL
EPAC,2019-12-19,NULL
SCHL,2019-12-19,NULL
APOG,2019-12-19,NULL
CAMP,2019-12-19,NULL
CVM,2019-12-19,NULL
ETON,2019-12-19,NULL
SHLO,2019-12-19,NULL
KMX,2019-12-20,NULL
MRUS,2019-12-26,NULL